1,ESP
2,BEL
3,BEL
4,ENG
5,GER
6,ARG
7,ENG
8,ESP
9,POR
10,BEL
11,ARG
12,RUS
13,BEL
14,BRA
15,BRA
16,BRA
17,KSA
18,GER
19,ESP
20,ENG
21,FRA
22,BRA
23,FRA
24,BRA
25,ESP
26,FRA
27,BRA
28,ARG
29,BEL
30,FRA
31,BRA
32,FRA
33,SUI
34,BRA
35,POL
36,BRA
37,GER
38,ARG
39,GER
40,BRA
41,EGY
42,RUS
43,IRN
44,ESP
45,BRA
46,COL
47,ARG
48,ESP
49,ARG
50,RUS
51,ARG
52,GER
53,CRO
54,ARG
55,POR
56,ENG
57,ARG
58,POL
59,FRA
60,ARG
61,ENG
62,BRA
63,NGA
64,ARG
65,GER
66,RUS
67,BRA
68,COL
69,FRA
70,RUS
71,ARG
72,BRA
73,ESP
74,SUI
75,BRA
76,CRO
77,FRA
78,ARG
79,GER
80,FRA
81,POR
82,RUS
83,DEN
84,BRA
85,FRA
86,BEL
87,RUS
88,POR
89,CRO
90,POR
91,BRA
92,ESP
93,ARG
94,ESP
95,BRA
96,ARG
97,GER
98,JPN
99,ENG
100,FRA
101,GER
102,CRO
103,ENG
104,ARG
105,FRA
106,BEL
107,RUS
108,FRA
109,POR
110,ARG
111,CRO
112,URU
113,POR
114,POR
115,POL
116,ESP
117,GER
118,FRA
119,POR
120,ARG
121,ESP
122,NGA
123,ARG
124,SWE
125,BRA
126,ESP
127,SUI
128,COL
129,ENG
130,GER
131,ENG
132,ESP
133,BRA
134,POR
135,NGA
136,ARG
137,CRO
138,ARG
139,ESP
140,ENG
141,GER
142,BEL
143,POR
144,BRA
145,ARG
146,GER
147,GER
148,ENG
149,FRA
150,CRO
151,BRA
152,ARG
153,POR
154,SUI
155,POR
156,BRA
157,ARG
158,SUI
159,ESP
160,RUS
161,FRA
162,ESP
163,ESP
164,ENG
165,BRA
166,ESP
167,BRA
168,POR
169,BRA
170,GER
171,ARG
172,RUS
173,BRA
174,FRA
175,ENG
176,BRA
177,ARG
178,ARG
179,CRO
180,GER
181,FRA
182,ESP
183,COL
184,BRA
185,ESP
186,KOR
187,BRA
188,ESP
189,RUS
190,POR
191,BRA
192,AUS
193,ESP
194,SUI
195,POR
196,ENG
197,POR
198,BEL
199,BRA
200,ESP
201,ARG
202,CRO
203,ESP
204,BRA
205,BRA
206,FRA
207,CRO
208,CRO
209,CRO
210,BRA
211,GER
212,ENG
213,POL
214,BRA
215,CRO
216,ESP
217,FRA
218,ENG
219,ESP
220,RUS
221,ESP
222,BRA
223,MEX
224,BRA
225,ENG
226,CRO
227,ESP
228,JPN
229,ARG
230,RUS
231,ESP
232,POR
233,GER
234,ARG
235,POR
236,SUI
237,BRA
238,ESP
239,ESP
240,POL
241,POR
242,FRA
243,GER
244,POR
245,POR
246,ESP
247,GER
248,CRO
249,ARG
250,ENG
251,ENG
252,ENG
253,BRA
254,POR
255,POR
256,ENG
257,BRA
258,ENG
259,ARG
260,POR
261,CRO
262,BRA
263,ESP
264,BEL
265,POL
266,GER
267,POR
268,GER
269,BRA
270,RUS
271,BEL
272,POR
273,RUS
274,BEL
275,ENG
276,BEL
277,CRO
278,ESP
279,ESP
280,POR
281,CRO
282,COL
283,ARG
284,CRO
285,GER
286,GER
287,POR
288,BRA
289,URU
290,RUS
291,ARG
292,ENG
293,FRA
294,MEX
295,ESP
296,ENG
297,ESP
298,ARG
299,ESP
300,SUI
301,POR
302,BEL
303,POR
304,FRA
305,FRA
306,FRA
307,BRA
308,POR
309,POR
310,ARG
311,ARG
312,POR
313,POR
314,GER
315,ARG
316,ENG
317,RUS
318,ARG
319,JPN
320,ARG
321,RUS
322,BRA
323,DEN
324,CRO
325,FRA
326,BRA
327,ESP
328,ENG
329,POR
330,ESP
331,SUI
332,GER
333,COL
334,POR
335,ESP
336,ENG
337,FRA
338,NGA
339,KSA
340,BRA
341,ENG
342,SUI
343,ESP
344,SEN
345,GER
346,ESP
347,ARG
348,URU
349,FRA
350,RUS
351,GER
352,POR
353,BEL
354,BRA
355,POR
356,ENG
357,FRA
358,FRA
359,FRA
360,GER
361,BRA
362,JPN
363,TUN
364,ESP
365,ENG
366,BRA
367,GER
368,ARG
369,POR
370,ENG
371,FRA
372,BEL
373,BEL
374,ARG
375,BEL
376,FRA
377,POR
378,ENG
379,ARG
380,ARG
381,GER
382,CRO
383,GER
384,GER
385,FRA
386,POR
387,FRA
388,CRO
389,URU
390,GER
391,ARG
392,ENG
393,FRA
394,ENG
395,ENG
396,ENG
397,BRA
398,ARG
399,COL
400,POR
401,SWE
402,BEL
403,FRA
404,COL
405,ENG
406,CRO
407,BEL
408,POR
409,JPN
410,ENG
411,GER
412,SUI
413,FRA
414,COL
415,ESP
416,ESP
417,BEL
418,FRA
419,BRA
420,FRA
421,ENG
422,GER
423,SUI
424,SUI
425,SUI
426,RUS
427,FRA
428,GER
429,GER
430,RUS
431,ESP
432,ARG
433,ENG
434,GER
435,BRA
436,RUS
437,ARG
438,ARG
439,ARG
440,SUI
441,ARG
442,BRA
443,ARG
444,POR
445,ARG
446,BRA
447,BRA
448,ENG
449,BRA
450,BRA
451,POR
452,TUN
453,FRA
454,POR
455,GER
456,ARG
457,RUS
458,AUS
459,RUS
460,SRB
461,BEL
462,ARG
463,FRA
464,FRA
465,ARG
466,COL
467,ENG
468,SUI
469,SUI
470,CRO
471,ARG
472,CRO
473,GER
474,ENG
475,RUS
476,COL
477,BRA
478,SRB
479,JPN
480,RUS
481,POR
482,FRA
483,ENG
484,BRA
485,ESP
486,BRA
487,FRA
488,FRA
489,RUS
490,ENG
491,ESP
492,SUI
493,BRA
494,BRA
495,ARG
496,ESP
497,NGA
498,ESP
499,URU
500,ARG
501,ENG
502,BRA
503,BRA
504,POR
505,RUS
506,ARG
507,CRO
508,BRA
509,POR
510,GER
511,BEL
512,BRA
513,SWE
514,RUS
515,SUI
516,ARG
517,ENG
518,RUS
519,ARG
520,ARG
521,COL
522,URU
523,ENG
524,CRO
525,EGY
526,ARG
527,CRO
528,RUS
529,ARG
530,IRN
531,RUS
532,POL
533,ENG
534,ARG
535,FRA
536,POR
537,ESP
538,FRA
539,CRO
540,ENG
541,JPN
542,BEL
543,ESP
544,RUS
545,COL
546,ESP
547,BEL
548,ARG
549,BRA
550,POR
551,ESP
552,BRA
553,POR
554,ARG
555,GER
556,POR
557,CRC
558,SUI
559,BEL
560,ENG
561,POR
562,ESP
563,SUI
564,COL
565,ENG
566,FRA
567,GER
568,ENG
569,ARG
570,SUI
571,BRA
572,GER
573,BRA
574,BRA
575,RUS
576,ESP
577,ARG
578,BEL
579,POR
580,URU
581,ARG
582,GER
583,ESP
584,BRA
585,POR
586,COL
587,BEL
588,POR
589,BRA
590,ENG
591,BRA
592,GER
593,BRA
594,BRA
595,RUS
596,ARG
597,GER
598,ARG
599,SUI
600,BRA
601,SUI
602,BEL
603,FRA
604,FRA
605,BRA
606,URU
607,ARG
608,MEX
609,GER
610,POR
611,ESP
612,POR
613,BRA
614,ESP
615,POR
616,ARG
617,RUS
618,POR
619,RUS
620,POR
621,BEL
622,SUI
623,ENG
624,GER
625,BEL
626,POR
627,ESP
628,FRA
629,ENG
630,ESP
631,BEL
632,RUS
633,KOR
634,GER
635,POR
636,RUS
637,BEL
638,BRA
639,URU
640,ESP
641,FRA
642,COL
643,BRA
644,ENG
645,ENG
646,GER
647,BRA
648,ARG
649,POR
650,POR
651,FRA
652,FRA
653,GER
654,POR
655,POR
656,BRA
657,ENG
658,GER
659,RUS
660,ESP
661,BRA
662,BRA
663,ARG
664,POR
665,ENG
666,BRA
667,POR
668,POR
669,GER
670,ENG
671,ENG
672,ARG
673,SUI
674,URU
675,ARG
676,FRA
677,ESP
678,FRA
679,SUI
680,CRO
681,BRA
682,BRA
683,ARG
684,BRA
685,POR
686,CRO
687,GER
688,FRA
689,SUI
690,BRA
691,ESP
692,ESP
693,RUS
694,BRA
695,GER
696,CRO
697,CRO
698,BRA
699,BRA
700,ARG
701,SUI
702,FRA
703,ESP
704,RUS
705,ENG
706,BRA
707,POL
708,ARG
709,BRA
710,ENG
711,POR
712,GER
713,ARG
714,DEN
715,POR
716,GER
717,ARG
718,BEL
719,BRA
720,ENG
721,CRO
722,ARG
723,TUN
724,BRA
725,ESP
726,ENG
727,FRA
728,URU
729,BRA
730,POR
731,POR
732,GER
733,ARG
734,GER
735,BRA
736,ENG
737,ARG
738,BRA
739,BEL
740,ARG
741,ARG
742,ENG
743,BRA
744,BRA
745,RUS
746,BRA
747,ESP
748,GER
749,COL
750,CRO
751,SUI
752,ESP
753,ESP
754,SUI
755,ARG
756,ARG
757,POR
758,FRA
759,SRB
760,ARG
761,CRO
762,ENG
763,ENG
764,BRA
765,GER
766,ESP
767,URU
768,BRA
769,ESP
770,BEL
771,BRA
772,FRA
773,CRO
774,SUI
775,ESP
776,ENG
777,POR
778,ESP
779,ENG
780,POR
781,ENG
782,BRA
783,ARG
784,ESP
785,ARG
786,IRN
787,GER
788,BRA
789,BRA
790,ESP
791,BEL
792,GER
793,RUS
794,POR
795,GER
796,DEN
797,ESP
798,ENG
799,BEL
800,ARG
801,POR
802,POR
803,ENG
804,SUI
805,BRA
806,SUI
807,GER
808,POR
809,ARG
810,ARG
811,GER
812,CRO
813,BRA
814,FRA
815,POR
816,POR
817,ENG
818,BRA
819,GER
820,RUS
821,ARG
822,ARG
823,ESP
824,ESP
825,ESP
826,GER
827,ESP
828,BRA
829,POR
830,ARG
831,CRO
832,CRO
833,ARG
834,SUI
835,ENG
836,POR
837,POR
838,FRA
839,POR
840,FRA
841,FRA
842,COL
843,ARG
844,POR
845,BRA
846,ARG
847,BRA
848,BRA
849,GER
850,BRA
851,POR
852,ENG
853,GER
854,ARG
855,BRA
856,FRA
857,SUI
858,ENG
859,ENG
860,DEN
861,GER
862,COL
863,BRA
864,BEL
865,POR
866,MEX
867,ISL
868,RUS
869,BEL
870,POR
871,BRA
872,SWE
873,BRA
874,ENG
875,FRA
876,CRO
877,ARG
878,ESP
879,ARG
880,ENG
881,ARG
882,BRA
883,ESP
884,BEL
885,SUI
886,ENG
887,BRA
888,SUI
889,BRA
890,MEX
891,SUI
892,ESP
893,POR
894,SWE
895,ENG
896,POR
897,GER
898,MEX
899,ENG
900,GER
901,ENG
902,POR
903,POR
904,ARG
905,COL
906,POR
907,POR
908,FRA
909,ARG
910,ARG
911,BRA
912,ENG
913,BRA
914,BEL
915,BRA
916,FRA
917,GER
918,ESP
919,FRA
920,ESP
921,GER
922,POR
923,ESP
924,POL
925,ARG
926,ESP
927,ESP
928,ARG
929,ARG
930,ESP
931,ARG
932,ENG
933,ESP
934,SRB
935,BRA
936,COL
937,BRA
938,RUS
939,GER
940,GER
941,BRA
942,ENG
943,ESP
944,FRA
945,BEL
946,ENG
947,BEL
948,BEL
949,FRA
950,GER
951,RUS
952,BRA
953,ENG
954,BEL
955,ESP
956,FRA
957,ARG
958,ESP
959,SRB
960,FRA
961,ENG
962,ENG
963,BRA
964,ESP
965,ARG
966,FRA
967,BEL
968,BRA
969,GER
970,ENG
971,POR
972,RUS
973,ARG
974,FRA
975,ESP
976,POL
977,POR
978,ENG
979,SRB
980,CRO
981,POR
982,SUI
983,RUS
984,BRA
985,ARG
986,BRA
987,ENG
988,BRA
989,FRA
990,BEL
991,CRO
992,GER
993,ESP
994,FRA
995,DEN
996,RUS
997,ARG
998,POR
999,BRA
1000,ARG
1001,POR
1002,MEX
1003,BRA
1004,SRB
1005,ARG
1006,NGA
1007,FRA
1008,SUI
1009,RUS
1010,SRB
1011,ENG
1012,ENG
1013,ARG
1014,ENG
1015,FRA
1016,JPN
1017,SEN
1018,BRA
1019,ENG
1020,ARG
1021,ARG
1022,POR
1023,BRA
1024,SEN
1025,RUS
1026,POR
1027,CRO
1028,FRA
1029,FRA
1030,ENG
1031,POR
1032,ARG
1033,ARG
1034,POR
1035,BRA
1036,BEL
1037,IRN
1038,ESP
1039,BRA
1040,ESP
1041,ARG
1042,POR
1043,RUS
1044,GER
1045,ESP
1046,FRA
1047,FRA
1048,FRA
1049,SUI
1050,GER
1051,ENG
1052,BRA
1053,ENG
1054,POR
1055,SUI
1056,FRA
1057,POR
1058,ARG
1059,BRA
1060,ARG
1061,ESP
1062,BRA
1063,MEX
1064,BRA
1065,GER
1066,ENG
1067,POR
1068,FRA
1069,BEL
1070,COL
1071,ENG
1072,ARG
1073,ARG
1074,GER
1075,CRO
1076,MEX
1077,ENG
1078,BRA
1079,ENG
1080,ARG
1081,ARG
1082,SRB
1083,SRB
1084,RUS
1085,JPN
1086,POR
1087,FRA
1088,ARG
1089,FRA
1090,POR
1091,BRA
1092,ARG
1093,POR
1094,BRA
1095,FRA
1096,FRA
1097,RUS
1098,ENG
1099,FRA
1100,POR
1101,GER
1102,ARG
1103,ESP
1104,ESP
1105,ENG
1106,FRA
1107,KOR
1108,ARG
1109,ENG
1110,BRA
1111,ARG
1112,ESP
1113,RUS
1114,DEN
1115,MEX
1116,BRA
1117,ESP
1118,ARG
1119,GER
1120,CRO
1121,ENG
1122,BRA
1123,POR
1124,BRA
1125,BRA
1126,RUS
1127,BRA
1128,BRA
1129,BRA
1130,ESP
1131,GER
1132,ARG
1133,FRA
1134,FRA
1135,ARG
1136,POR
1137,GER
1138,ARG
1139,ARG
1140,BRA
1141,ESP
1142,ESP
1143,CRO
1144,SUI
1145,SUI
1146,ARG
1147,ESP
1148,FRA
1149,ARG
1150,ARG
1151,ARG
1152,ENG
1153,SEN
1154,ARG
1155,ARG
1156,ARG
1157,RUS
1158,FRA
1159,GER
1160,ARG
1161,GER
1162,KOR
1163,ARG
1164,CRO
1165,RUS
1166,BEL
1167,ESP
1168,ARG
1169,POR
1170,BRA
1171,GER
1172,ENG
1173,ESP
1174,BRA
1175,GER
1176,ARG
1177,ARG
1178,ARG
1179,FRA
1180,ENG
1181,FRA
1182,DEN
1183,ENG
1184,BRA
1185,BRA
1186,GER
1187,ESP
1188,ENG
1189,BRA
1190,FRA
1191,GER
1192,ESP
1193,BRA
1194,ENG
1195,POR
1196,ENG
1197,BRA
1198,SUI
1199,POR
1200,ESP
1201,MEX
1202,ARG
1203,BRA
1204,POR
1205,BRA
1206,BRA
1207,ESP
1208,POL
1209,ARG
1210,BRA
1211,POR
1212,CRO
1213,BRA
1214,ESP
1215,ARG
1216,POR
1217,FRA
1218,ENG
1219,SUI
1220,GER
1221,POR
1222,POR
1223,ARG
1224,POR
1225,GER
1226,FRA
1227,ESP
1228,ENG
1229,ARG
1230,URU
1231,BRA
1232,ENG
1233,ENG
1234,ARG
1235,SUI
1236,CRO
1237,BRA
1238,BRA
1239,CRO
1240,BRA
1241,RUS
1242,FRA
1243,SWE
1244,ARG
1245,BRA
1246,CRO
1247,BRA
1248,ESP
1249,BRA
1250,ARG
1251,BRA
1252,ARG
1253,POR
1254,POR
1255,SRB
1256,ENG
1257,BEL
1258,ARG
1259,BEL
1260,POR
1261,ARG
1262,ESP
1263,ENG
1264,BRA
1265,ARG
1266,ARG
1267,ARG
1268,FRA
1269,GER
1270,POR
1271,ESP
1272,POR
1273,ESP
1274,GER
1275,SUI
1276,POR
1277,ENG
1278,ENG
1279,ESP
1280,RUS
1281,POR
1282,BRA
1283,ENG
1284,ARG
1285,BRA
1286,POR
1287,GER
1288,ESP
1289,ESP
1290,ESP
1291,ARG
1292,SUI
1293,ESP
1294,BRA
1295,KSA
1296,ESP
1297,ENG
1298,RUS
1299,POR
1300,ARG
1301,FRA
1302,CRO
1303,BRA
1304,BRA
1305,FRA
1306,ARG
1307,ARG
1308,POR
1309,GER
1310,BRA
1311,ARG
1312,GER
1313,ENG
1314,ARG
1315,BEL
1316,SWE
1317,POR
1318,ENG
1319,ARG
1320,ENG
1321,BRA
1322,GER
1323,ESP
1324,ARG
1325,ARG
1326,BRA
1327,ESP
1328,BRA
1329,MEX
1330,GER
1331,BEL
1332,SUI
1333,ENG
1334,ESP
1335,ARG
1336,ARG
1337,URU
1338,ESP
1339,ARG
1340,FRA
1341,BRA
1342,BRA
1343,ENG
1344,ESP
1345,FRA
1346,GER
1347,SRB
1348,GER
1349,RUS
1350,ARG
1351,SUI
1352,RUS
1353,ENG
1354,POR
1355,CRO
1356,FRA
1357,RUS
1358,CRO
1359,POR
1360,POL
1361,FRA
1362,ARG
1363,POR
1364,ARG
1365,ENG
1366,FRA
1367,BRA
1368,CRO
1369,BEL
1370,ESP
1371,PER
1372,GER
1373,BRA
1374,ARG
1375,BRA
1376,SWE
1377,ENG
1378,ENG
1379,ARG
1380,ESP
1381,ESP
1382,CRO
1383,JPN
1384,POL
1385,DEN
1386,POR
1387,BRA
1388,ESP
1389,POL
1390,BRA
1391,ESP
1392,SUI
1393,BRA
1394,CRO
1395,ARG
1396,BRA
1397,BRA
1398,ENG
1399,SEN
1400,BRA
1401,BRA
1402,GER
1403,BRA
1404,DEN
1405,POR
1406,POR
1407,ESP
1408,BRA
1409,ARG
1410,SUI
1411,BRA
1412,POR
1413,BEL
1414,GER
1415,JPN
1416,ARG
1417,SRB
1418,ESP
1419,URU
1420,ARG
1421,ESP
1422,ESP
1423,URU
1424,ARG
1425,RUS
1426,ARG
1427,ESP
1428,ENG
1429,CRO
1430,ENG
1431,ARG
1432,FRA
1433,ARG
1434,POR
1435,GER
1436,BRA
1437,POR
1438,POR
1439,POR
1440,GER
1441,URU
1442,POR
1443,ARG
1444,BEL
1445,BRA
1446,ESP
1447,ENG
1448,POR
1449,GER
1450,ARG
1451,ESP
1452,ARG
1453,KOR
1454,BRA
1455,SUI
1456,FRA
1457,ARG
1458,RUS
1459,ENG
1460,ENG
1461,ENG
1462,POR
1463,ENG
1464,FRA
1465,CRO
1466,CRO
1467,POR
1468,SUI
1469,ENG
1470,GER
1471,BEL
1472,KSA
1473,BRA
1474,ENG
1475,ENG
1476,BRA
1477,POR
1478,FRA
1479,BRA
1480,POR
1481,BRA
1482,GER
1483,ENG
1484,GER
1485,ESP
1486,COL
1487,NGA
1488,ESP
1489,POR
1490,GER
1491,FRA
1492,ENG
1493,SUI
1494,MEX
1495,POR
1496,RUS
1497,GER
1498,RUS
1499,BEL
1500,ESP
1501,FRA
1502,FRA
1503,MEX
1504,POR
1505,GER
1506,POR
1507,BRA
1508,FRA
1509,RUS
1510,GER
1511,ENG
1512,ARG
1513,POR
1514,POR
1515,BEL
1516,GER
1517,ESP
1518,ESP
1519,SUI
1520,BEL
1521,ENG
1522,BRA
1523,KOR
1524,GER
1525,RUS
1526,POR
1527,FRA
1528,BRA
1529,GER
1530,POR
1531,SUI
1532,POR
1533,ESP
1534,ARG
1535,RUS
1536,FRA
1537,CRO
1538,POR
1539,ENG
1540,ARG
1541,ESP
1542,ENG
1543,POR
1544,COL
1545,GER
1546,POL
1547,ENG
1548,ENG
1549,COL
1550,BRA
1551,BRA
1552,ESP
1553,BRA
1554,BRA
1555,URU
1556,ARG
1557,ENG
1558,SUI
1559,FRA
1560,BEL
1561,ESP
1562,ESP
1563,ENG
1564,POR
1565,ESP
1566,ARG
1567,SWE
1568,ARG
1569,ENG
1570,SUI
1571,GER
1572,RUS
1573,SUI
1574,COL
1575,POR
1576,ARG
1577,FRA
1578,ENG
1579,ENG
1580,ESP
1581,BRA
1582,GER
1583,ARG
1584,GER
1585,ARG
1586,FRA
1587,RUS
1588,JPN
1589,GER
1590,COL
1591,RUS
1592,BEL
1593,BEL
1594,ENG
1595,ENG
1596,BEL
1597,ESP
1598,SUI
1599,ENG
1600,BRA
1601,BRA
1602,FRA
1603,ARG
1604,BRA
1605,ARG
1606,ENG
1607,ESP
1608,ESP
1609,ENG
1610,FRA
1611,COL
1612,ESP
1613,ESP
1614,FRA
1615,POR
1616,CRO
1617,POR
1618,ENG
1619,BRA
1620,FRA
1621,TUN
1622,ESP
1623,ENG
1624,BRA
1625,GER
1626,BRA
1627,BEL
1628,GER
1629,BEL
1630,ARG
1631,ARG
1632,ENG
1633,BRA
1634,ESP
1635,ARG
1636,ESP
1637,GER
1638,BRA
1639,ARG
1640,POL
1641,POR
1642,GER
1643,BRA
1644,ESP
1645,SUI
1646,BRA
1647,GER
1648,BRA
1649,ENG
1650,COL
1651,ENG
1652,ENG
1653,BRA
1654,COL
1655,BRA
1656,GER
1657,ARG
1658,POR
1659,RUS
1660,BRA
1661,ENG
1662,ARG
1663,GER
1664,BEL
1665,ARG
1666,POR
1667,BEL
1668,FRA
1669,ENG
1670,URU
1671,BRA
1672,SUI
1673,ENG
1674,POR
1675,GER
1676,BRA
1677,ARG
1678,GER
1679,ARG
1680,RUS
1681,GER
1682,FRA
1683,ESP
1684,POR
1685,RUS
1686,ARG
1687,JPN
1688,ARG
1689,POR
1690,URU
1691,ESP
1692,ENG
1693,POR
1694,ESP
1695,BRA
1696,GER
1697,POR
1698,POR
1699,CRO
1700,BRA
1701,ARG
1702,ESP
1703,ESP
1704,ENG
1705,CRO
1706,ENG
1707,GER
1708,ENG
1709,ENG
1710,POR
1711,POR
1712,COL
1713,POR
1714,FRA
1715,SUI
1716,BRA
1717,POR
1718,SRB
1719,ESP
1720,RUS
1721,ARG
1722,ARG
1723,COL
1724,GER
1725,BRA
1726,ARG
1727,BRA
1728,POR
1729,MEX
1730,BRA
1731,BRA
1732,GER
1733,POL
1734,RUS
1735,ESP
1736,COL
1737,ENG
1738,POR
1739,ENG
1740,POR
1741,ESP
1742,ESP
1743,ENG
1744,GER
1745,AUS
1746,BRA
1747,POR
1748,JPN
1749,CRO
1750,ARG
1751,ARG
1752,ARG
1753,BRA
1754,BRA
1755,POR
1756,POR
1757,RUS
1758,FRA
1759,BEL
1760,BRA
1761,ESP
1762,FRA
1763,JPN
1764,ESP
1765,POR
1766,RUS
1767,ARG
1768,GER
1769,SUI
1770,ARG
1771,ARG
1772,SUI
1773,ARG
1774,POL
1775,NGA
1776,ARG
1777,POR
1778,ARG
1779,BRA
1780,POR
1781,ARG
1782,GER
1783,ARG
1784,ENG
1785,FRA
1786,COL
1787,BRA
1788,SUI
1789,ARG
1790,COL
1791,BRA
1792,ESP
1793,POR
1794,ENG
1795,FRA
1796,FRA
1797,NGA
1798,BEL
1799,CRC
1800,SUI
1801,GER
1802,ARG
1803,BRA
1804,GER
1805,GER
1806,BEL
1807,BRA
1808,BRA
1809,GER
1810,ESP
1811,RUS
1812,SUI
1813,CRO
1814,POR
1815,BRA
1816,POR
1817,POR
1818,BRA
1819,ARG
1820,BRA
1821,ESP
1822,CRO
1823,POR
1824,ARG
1825,BRA
1826,ARG
1827,ENG
1828,ENG
1829,POR
1830,BRA
1831,FRA
1832,BRA
1833,BRA
1834,ARG
1835,ENG
1836,POR
1837,BEL
1838,BRA
1839,ARG
1840,NGA
1841,BRA
1842,POR
1843,BRA
1844,ARG
1845,FRA
1846,KOR
1847,POL
1848,KOR
1849,GER
1850,GER
1851,BRA
1852,AUS
1853,ARG
1854,BRA
1855,POR
1856,ARG
1857,BEL
1858,JPN
1859,ESP
1860,BRA
1861,POR
1862,ARG
1863,FRA
1864,ARG
1865,ESP
1866,ENG
1867,ESP
1868,POR
1869,POR
1870,GER
1871,BEL
1872,RUS
1873,FRA
1874,BRA
1875,POR
1876,POR
1877,POR
1878,FRA
1879,ENG
1880,URU
1881,ARG
1882,POR
1883,POL
1884,ARG
1885,BRA
1886,POR
1887,ESP
1888,ARG
1889,ENG
1890,NGA
1891,ESP
1892,GER
1893,ESP
1894,GER
1895,ENG
1896,RUS
1897,GER
1898,POR
1899,BRA
1900,ARG
1901,SUI
1902,ENG
1903,DEN
1904,ARG
1905,ARG
1906,CRO
1907,ARG
1908,IRN
1909,BRA
1910,FRA
1911,ESP
1912,FRA
1913,POR
1914,FRA
1915,GER
1916,RUS
1917,BEL
1918,ARG
1919,SUI
1920,BRA
1921,ENG
1922,MEX
1923,POR
1924,ESP
1925,ARG
1926,FRA
1927,KOR
1928,POR
1929,DEN
1930,GER
1931,ARG
1932,BEL
1933,SUI
1934,SWE
1935,BRA
1936,BEL
1937,ENG
1938,BRA
1939,SWE
1940,POR
1941,BRA
1942,ESP
1943,ESP
1944,ARG
1945,ARG
1946,ENG
1947,FRA
1948,BRA
1949,ARG
1950,ESP
1951,SRB
1952,FRA
1953,DEN
1954,BRA
1955,POR
1956,BRA
1957,ENG
1958,ENG
1959,GER
1960,ARG
1961,CRO
1962,FRA
1963,POR
1964,ARG
1965,BRA
1966,BEL
1967,GER
1968,POR
1969,COL
1970,ARG
1971,ENG
1972,ENG
1973,ESP
1974,BRA
1975,FRA
1976,COL
1977,ARG
1978,ARG
1979,ARG
1980,CRO
1981,RUS
1982,BRA
1983,ESP
1984,RUS
1985,ISL
1986,BEL
1987,ENG
1988,ESP
1989,BEL
1990,RUS
1991,BEL
1992,SUI
1993,ESP
1994,FRA
1995,POR
1996,COL
1997,POR
1998,COL
1999,ARG
2000,ARG
2001,ARG
2002,BRA
2003,URU
2004,ENG
2005,BRA
2006,CRO
2007,ENG
2008,POR
2009,BRA
2010,GER
2011,BRA
2012,FRA
2013,MEX
2014,ENG
2015,ARG
2016,RUS
2017,GER
2018,RUS
2019,POR
2020,ESP
2021,POR
2022,COL
2023,FRA
2024,BRA
2025,BRA
2026,FRA
2027,SRB
2028,SUI
2029,ARG
2030,BRA
2031,ARG
2032,BRA
2033,ARG
2034,BRA
2035,FRA
2036,ESP
2037,FRA
2038,ENG
2039,BRA
2040,GER
2041,BEL
2042,BRA
2043,ESP
2044,BRA
2045,BRA
2046,BEL
2047,GER
2048,POR
2049,ENG
2050,ARG
2051,ENG
2052,MEX
2053,ESP
2054,BEL
2055,CRO
2056,FRA
2057,RUS
2058,SEN
2059,BEL
2060,POR
2061,BRA
2062,FRA
2063,ESP
2064,KOR
2065,FRA
2066,POR
2067,RUS
2068,ARG
2069,ESP
2070,CRO
2071,BRA
2072,BRA
2073,POR
2074,POR
2075,BRA
2076,FRA
2077,NGA
2078,GER
2079,ARG
2080,BRA
2081,BRA
2082,FRA
2083,BEL
2084,SUI
2085,ENG
2086,GER
2087,BEL
2088,ENG
2089,POR
2090,POL
2091,SWE
2092,ARG
2093,BRA
2094,ARG
2095,ENG
2096,IRN
2097,GER
2098,SEN
2099,POR
2100,ESP
2101,BRA
2102,GER
2103,ARG
2104,BRA
2105,ARG
2106,BRA
2107,BRA
2108,ENG
2109,ARG
2110,FRA
2111,ENG
2112,POR
2113,ESP
2114,CRO
2115,FRA
2116,EGY
2117,ENG
2118,ESP
2119,ENG
2120,BRA
2121,RUS
2122,ESP
2123,POR
2124,ENG
2125,BRA
2126,FRA
2127,ENG
2128,FRA
2129,BRA
2130,ENG
2131,ENG
2132,RUS
2133,BRA
2134,BRA
2135,ISL
2136,POR
2137,BEL
2138,GER
2139,SWE
2140,ESP
2141,RUS
2142,GER
2143,BRA
2144,ARG
2145,BRA
2146,ARG
2147,BEL
2148,POR
2149,ENG
2150,FRA
2151,KSA
2152,RUS
2153,GER
2154,ARG
2155,ARG
2156,ARG
2157,ARG
2158,BRA
2159,ESP
2160,IRN
2161,ARG
2162,CRO
2163,POR
2164,BRA
2165,ENG
2166,SUI
2167,FRA
2168,GER
2169,ARG
2170,MEX
2171,SWE
2172,ESP
2173,ESP
2174,ESP
2175,ENG
2176,ENG
2177,SUI
2178,DEN
2179,GER
2180,BRA
2181,FRA
2182,ARG
2183,ARG
2184,BRA
2185,COL
2186,SUI
2187,CRO
2188,ARG
2189,ENG
2190,CRO
2191,GER
2192,ARG
2193,ARG
2194,ESP
2195,ARG
2196,RUS
2197,SWE
2198,ESP
2199,POR
2200,ESP
2201,ESP
2202,ENG
2203,CRO
2204,SUI
2205,ESP
2206,MEX
2207,FRA
2208,CRO
2209,CRO
2210,ESP
2211,GER
2212,ARG
2213,BRA
2214,RUS
2215,BRA
2216,ESP
2217,ARG
2218,POR
2219,ARG
2220,BRA
2221,ESP
2222,ESP
2223,ESP
2224,POR
2225,POR
2226,ENG
2227,ARG
2228,ESP
2229,RUS
2230,ESP
2231,BEL
2232,SUI
2233,SUI
2234,ARG
2235,COL
2236,ARG
2237,ARG
2238,ARG
2239,ARG
2240,SRB
2241,ARG
2242,ESP
2243,BRA
2244,FRA
2245,POR
2246,POR
2247,BRA
2248,CRO
2249,ESP
2250,BEL
2251,FRA
2252,BRA
2253,CRO
2254,ENG
2255,ENG
2256,KSA
2257,BEL
2258,GER
2259,DEN
2260,JPN
2261,RUS
2262,BEL
2263,RUS
2264,ENG
2265,ARG
2266,ENG
2267,FRA
2268,BEL
2269,POR
2270,BRA
2271,ESP
2272,BEL
2273,ESP
2274,BRA
2275,CRO
2276,ARG
2277,ENG
2278,SRB
2279,SRB
2280,ESP
2281,CRO
2282,CRO
2283,POR
2284,BRA
2285,ENG
2286,CRO
2287,RUS
2288,ESP
2289,ESP
2290,ARG
2291,ESP
2292,ARG
2293,BRA
2294,ENG
2295,ESP
2296,BEL
2297,ARG
2298,POR
2299,ARG
2300,SRB
2301,FRA
2302,ARG
2303,ESP
2304,GER
2305,GER
2306,COL
2307,URU
2308,FRA
2309,RUS
2310,BRA
2311,POR
2312,FRA
2313,RUS
2314,ARG
2315,ARG
2316,POR
2317,CRO
2318,FRA
2319,BRA
2320,POR
2321,BRA
2322,POR
2323,GER
2324,BEL
2325,BRA
2326,GER
2327,DEN
2328,FRA
2329,GER
2330,POR
2331,ARG
2332,GER
2333,FRA
2334,MEX
2335,IRN
2336,GER
2337,MEX
2338,GER
2339,ARG
2340,ESP
2341,FRA
2342,ESP
2343,GER
2344,BRA
2345,FRA
2346,BEL
2347,ENG
2348,ENG
2349,POR
2350,ARG
2351,GER
2352,ENG
2353,GER
2354,GER
2355,BRA
2356,ARG
2357,ENG
2358,AUS
2359,ENG
2360,ENG
2361,ENG
2362,POR
2363,ARG
2364,URU
2365,BRA
2366,FRA
2367,SUI
2368,ENG
2369,BRA
2370,ARG
2371,POR
2372,COL
2373,ENG
2374,SRB
2375,RUS
2376,ARG
2377,FRA
2378,ESP
2379,ESP
2380,ARG
2381,ARG
2382,TUN
2383,ARG
2384,FRA
2385,ARG
2386,POR
2387,FRA
2388,BEL
2389,ARG
2390,SUI
2391,BRA
2392,FRA
2393,ARG
2394,GER
2395,CRO
2396,BEL
2397,RUS
2398,ARG
2399,POR
2400,ENG
2401,ARG
2402,ENG
2403,AUS
2404,COL
2405,GER
2406,ESP
2407,ENG
2408,GER
2409,ARG
2410,GER
2411,IRN
2412,ENG
2413,GER
2414,ENG
2415,GER
2416,ARG
2417,POR
2418,CRO
2419,BRA
2420,FRA
2421,ENG
2422,ARG
2423,FRA
2424,ENG
2425,BRA
2426,GER
2427,POR
2428,ARG
2429,FRA
2430,BRA
2431,FRA
2432,RUS
2433,RUS
2434,RUS
2435,ARG
2436,POL
2437,POR
2438,ESP
2439,FRA
2440,SUI
2441,CRO
2442,POR
2443,BRA
2444,BRA
2445,BEL
2446,POR
2447,BRA
2448,ENG
2449,BRA
2450,ENG
2451,BEL
2452,SUI
2453,RUS
2454,POR
2455,ARG
2456,ARG
2457,ENG
2458,POR
2459,GER
2460,GER
2461,DEN
2462,BRA
2463,ENG
2464,BEL
2465,POR
2466,RUS
2467,ENG
2468,POR
2469,POR
2470,ENG
2471,GER
2472,MEX
2473,ENG
2474,BRA
2475,FRA
2476,RUS
2477,POL
2478,SWE
2479,ENG
2480,URU
2481,ENG
2482,ENG
2483,ENG
2484,GER
2485,KOR
2486,ESP
2487,ENG
2488,POR
2489,GER
2490,POR
2491,BEL
2492,ENG
2493,ENG
2494,ENG
2495,ARG
2496,BRA
2497,ESP
2498,ESP
2499,RUS
2500,ARG
2501,ARG
2502,RUS
2503,COL
2504,POR
2505,FRA
2506,BEL
2507,SUI
2508,CRO
2509,ENG
2510,CRO
2511,BRA
2512,KOR
2513,GER
2514,ARG
2515,ESP
2516,BEL
2517,CRO
2518,FRA
2519,BRA
2520,BEL
2521,SRB
2522,SUI
2523,CRO
2524,GER
2525,ARG
2526,ESP
2527,BEL
2528,ESP
2529,ENG
2530,BRA
2531,IRN
2532,FRA
2533,ARG
2534,ARG
2535,NGA
2536,COL
2537,BRA
2538,GER
2539,RUS
2540,SRB
2541,FRA
2542,BRA
2543,BEL
2544,URU
2545,BRA
2546,ARG
2547,ENG
2548,POR
2549,BRA
2550,KSA
2551,CRO
2552,POR
2553,GER
2554,BEL
2555,ENG
2556,SUI
2557,POL
2558,BEL
2559,JPN
2560,SUI
2561,SWE
2562,GER
2563,ESP
2564,ENG
2565,BRA
2566,ARG
2567,ESP
2568,ESP
2569,ARG
2570,ESP
2571,FRA
2572,FRA
2573,CRO
2574,ESP
2575,ENG
2576,RUS
2577,BRA
2578,ENG
2579,ENG
2580,POR
2581,ENG
2582,BEL
2583,BRA
2584,BRA
2585,ARG
2586,RUS
2587,DEN
2588,GER
2589,BRA
2590,POL
2591,ESP
2592,BRA
2593,BRA
2594,ENG
2595,BRA
2596,FRA
2597,GER
2598,POR
2599,IRN
2600,BRA
2601,FRA
2602,SUI
2603,FRA
2604,ENG
2605,ARG
2606,CRO
2607,BEL
2608,GER
2609,RUS
2610,FRA
2611,ENG
2612,ENG
2613,ARG
2614,POR
2615,SUI
2616,BRA
2617,FRA
2618,BEL
2619,POR
2620,RUS
2621,ENG
2622,URU
2623,GER
2624,ARG
2625,GER
2626,COL
2627,BRA
2628,ESP
2629,SUI
2630,CRO
2631,ARG
2632,SWE
2633,CRO
2634,ARG
2635,FRA
2636,BRA
2637,BEL
2638,ENG
2639,ESP
2640,ENG
2641,BRA
2642,FRA
2643,ENG
2644,JPN
2645,POR
2646,ESP
2647,POR
2648,ESP
2649,RUS
2650,GER
2651,ENG
2652,ENG
2653,BEL
2654,CRO
2655,ENG
2656,BRA
2657,CRO
2658,ESP
2659,KOR
2660,JPN
2661,ARG
2662,FRA
2663,POR
2664,SRB
2665,FRA
2666,ARG
2667,BEL
2668,RUS
2669,BRA
2670,POR
2671,ESP
2672,CRO
2673,FRA
2674,BRA
2675,ARG
2676,BRA
2677,ARG
2678,ARG
2679,POR
2680,ENG
2681,ARG
2682,ENG
2683,FRA
2684,ARG
2685,COL
2686,SUI
2687,JPN
2688,SUI
2689,CRO
2690,GER
2691,RUS
2692,GER
2693,ARG
2694,ESP
2695,BRA
2696,BEL
2697,BRA
2698,ARG
2699,SRB
2700,POR
2701,ENG
2702,ESP
2703,BRA
2704,KSA
2705,ARG
2706,ARG
2707,SUI
2708,POL
2709,BRA
2710,BRA
2711,RUS
2712,POL
2713,GER
2714,BRA
2715,ESP
2716,ENG
2717,ESP
2718,KOR
2719,ENG
2720,ARG
2721,FRA
2722,ARG
2723,ESP
2724,FRA
2725,BRA
2726,POR
2727,GER
2728,ENG
2729,SUI
2730,ENG
2731,GER
2732,ARG
2733,BRA
2734,ARG
2735,POR
2736,ESP
2737,BRA
2738,POL
2739,ARG
2740,ARG
2741,GER
2742,ENG
2743,CRO
2744,ARG
2745,ENG
2746,GER
2747,BRA
2748,ENG
2749,RUS
2750,BRA
2751,ESP
2752,SUI
2753,CRO
2754,POR
2755,ENG
2756,SRB
2757,POR
2758,ESP
2759,CRO
2760,ARG
2761,FRA
2762,ESP
2763,CRO
2764,ESP
2765,ARG
2766,GER
2767,BRA
2768,ENG
2769,ESP
2770,POR
2771,ENG
2772,ESP
2773,ESP
2774,RUS
2775,FRA
2776,POR
2777,FRA
2778,GER
2779,ESP
2780,BRA
2781,FRA
2782,CRO
2783,ENG
2784,ESP
2785,GER
2786,FRA
2787,BRA
2788,ARG
2789,BRA
2790,ENG
2791,GER
2792,CRO
2793,CRO
2794,ARG
2795,BRA
2796,ESP
2797,NGA
2798,POR
2799,POR
2800,GER
2801,POR
2802,BRA
2803,GER
2804,CRO
2805,CRO
2806,ARG
2807,BRA
2808,GER
2809,FRA
2810,BRA
2811,ESP
2812,GER
2813,CRO
2814,FRA
2815,ENG
2816,BRA
2817,CRO
2818,FRA
2819,RUS
2820,FRA
2821,GER
2822,POR
2823,BRA
2824,SRB
2825,SUI
2826,POR
2827,ESP
2828,ENG
2829,ARG
2830,BEL
2831,BRA
2832,GER
2833,KSA
2834,CRO
2835,CRO
2836,BEL
2837,POR
2838,ESP
2839,POR
2840,GER
2841,BRA
2842,GER
2843,FRA
2844,POR
2845,ESP
2846,RUS
2847,ARG
2848,BRA
2849,POR
2850,BRA
2851,ARG
2852,KOR
2853,RUS
2854,FRA
2855,CRO
2856,SUI
2857,BRA
2858,POL
2859,ESP
2860,BRA
2861,BRA
2862,CRO
2863,POR
2864,POR
2865,GER
2866,POR
2867,ENG
2868,ENG
2869,SUI
2870,POR
2871,COL
2872,BRA
2873,GER
2874,ESP
2875,ARG
2876,ARG
2877,ENG
2878,BRA
2879,BRA
2880,BRA
2881,ARG
2882,GER
2883,KOR
2884,BEL
2885,FRA
2886,BRA
2887,ENG
2888,BRA
2889,ESP
2890,BRA
2891,FRA
2892,BRA
2893,ARG
2894,ESP
2895,RUS
2896,ESP
2897,ENG
2898,ENG
2899,ARG
2900,ARG
2901,FRA
2902,FRA
2903,CRO
2904,ESP
2905,GER
2906,ARG
2907,ARG
2908,ENG
2909,POR
2910,SUI
2911,ARG
2912,BRA
2913,POR
2914,ESP
2915,DEN
2916,BRA
2917,FRA
2918,GER
2919,ESP
2920,URU
2921,ARG
2922,ARG
2923,SUI
2924,ESP
2925,POR
2926,RUS
2927,FRA
2928,ARG
2929,ARG
2930,ENG
2931,FRA
2932,GER
2933,ESP
2934,ARG
2935,GER
2936,POR
2937,BEL
2938,ENG
2939,POR
2940,FRA
2941,ARG
2942,POR
2943,BRA
2944,ARG
2945,URU
2946,ENG
2947,POR
2948,POR
2949,RUS
2950,ESP
2951,RUS
2952,ARG
2953,ENG
2954,ARG
2955,ENG
2956,RUS
2957,GER
2958,GER
2959,CRO
2960,FRA
2961,ARG
2962,BRA
2963,FRA
2964,FRA
2965,BRA
2966,ARG
2967,DEN
2968,POR
2969,ARG
2970,GER
2971,SUI
2972,POR
2973,ARG
2974,SRB
2975,SUI
2976,ENG
2977,BRA
2978,ARG
2979,CRO
2980,FRA
2981,ESP
2982,ESP
2983,RUS
2984,RUS
2985,ARG
2986,GER
2987,ENG
2988,RUS
2989,ESP
2990,BRA
2991,CRO
2992,FRA
2993,RUS
2994,CRO
2995,BRA
2996,AUS
2997,FRA
2998,GER
2999,ESP
3000,SUI
3001,SUI
3002,CRO
3003,POR
3004,SWE
3005,ARG
3006,ENG
3007,ARG
3008,POR
3009,POL
3010,POR
3011,POR
3012,POR
3013,BRA
3014,AUS
3015,SWE
3016,ENG
3017,FRA
3018,JPN
3019,ESP
3020,BRA
3021,POR
3022,ARG
3023,BRA
3024,POL
3025,BRA
3026,POR
3027,CRO
3028,ENG
3029,CRO
3030,SRB
3031,GER
3032,BRA
3033,EGY
3034,GER
3035,ENG
3036,ESP
3037,ESP
3038,ARG
3039,POR
3040,ARG
3041,MEX
3042,URU
3043,ESP
3044,POR
3045,ARG
3046,BRA
3047,BRA
3048,BEL
3049,GER
3050,BRA
3051,POR
3052,GER
3053,GER
3054,BRA
3055,SUI
3056,COL
3057,ENG
3058,BRA
3059,ARG
3060,BRA
3061,ARG
3062,KSA
3063,CRO
3064,SUI
3065,SUI
3066,GER
3067,BRA
3068,FRA
3069,RUS
3070,URU
3071,ESP
3072,RUS
3073,ESP
3074,URU
3075,ARG
3076,POR
3077,GER
3078,GER
3079,ENG
3080,ESP
3081,URU
3082,POL
3083,POR
3084,POR
3085,RUS
3086,ESP
3087,FRA
3088,ENG
3089,MEX
3090,ARG
3091,BRA
3092,RUS
3093,ESP
3094,ARG
3095,SRB
3096,ESP
3097,FRA
3098,ARG
3099,SUI
3100,BRA
3101,POR
3102,GER
3103,CRO
3104,RUS
3105,GER
3106,BRA
3107,RUS
3108,BEL
3109,FRA
3110,BRA
3111,BRA
3112,COL
3113,POR
3114,CRC
3115,POR
3116,POR
3117,POL
3118,FRA
3119,POR
3120,BRA
3121,GER
3122,BRA
3123,URU
3124,ESP
3125,BRA
3126,POR
3127,POL
3128,BRA
3129,ARG
3130,RUS
3131,RUS
3132,ESP
3133,URU
3134,POR
3135,ARG
3136,BEL
3137,DEN
3138,ENG
3139,POR
3140,FRA
3141,MEX
3142,GER
3143,JPN
3144,BRA
3145,MEX
3146,ENG
3147,GER
3148,ENG
3149,CRO
3150,BRA
3151,DEN
3152,GER
3153,IRN
3154,POR
3155,POR
3156,RUS
3157,POL
3158,BRA
3159,ARG
3160,ENG
3161,MEX
3162,SUI
3163,ARG
3164,BRA
3165,ARG
3166,FRA
3167,RUS
3168,POR
3169,ESP
3170,ENG
3171,POL
3172,BRA
3173,GER
3174,RUS
3175,CRO
3176,FRA
3177,SUI
3178,GER
3179,SUI
3180,ARG
3181,BRA
3182,ENG
3183,COL
3184,BRA
3185,KOR
3186,BRA
3187,BRA
3188,CRO
3189,BEL
3190,POR
3191,CRO
3192,POR
3193,ARG
3194,ARG
3195,ARG
3196,BRA
3197,BEL
3198,IRN
3199,BEL
3200,RUS
3201,ENG
3202,ENG
3203,GER
3204,BRA
3205,BRA
3206,POR
3207,SWE
3208,RUS
3209,BRA
3210,POR
3211,POR
3212,BRA
3213,BRA
3214,ESP
3215,ESP
3216,POR
3217,SUI
3218,BRA
3219,CRO
3220,BRA
3221,BRA
3222,BRA
3223,BRA
3224,RUS
3225,BRA
3226,POR
3227,ARG
3228,ESP
3229,COL
3230,ARG
3231,ARG
3232,POR
3233,SUI
3234,ARG
3235,ARG
3236,BRA
3237,FRA
3238,ARG
3239,COL
3240,ESP
3241,URU
3242,BRA
3243,RUS
3244,ARG
3245,ENG
3246,BRA
3247,ENG
3248,CRO
3249,BRA
3250,ESP
3251,FRA
3252,PAN
3253,BRA
3254,RUS
3255,ESP
3256,BEL
3257,SRB
3258,MEX
3259,GER
3260,RUS
3261,ENG
3262,FRA
3263,ARG
3264,BRA
3265,GER
3266,BEL
3267,SUI
3268,FRA
3269,BRA
3270,BEL
3271,BRA
3272,ESP
3273,GER
3274,ARG
3275,POR
3276,ARG
3277,MEX
3278,CRO
3279,CRO
3280,FRA
3281,POR
3282,ENG
3283,CRO
3284,POR
3285,BRA
3286,ENG
3287,ARG
3288,ESP
3289,ARG
3290,BRA
3291,BEL
3292,FRA
3293,BRA
3294,GER
3295,FRA
3296,MEX
3297,ARG
3298,ESP
3299,ENG
3300,MAR
3301,ARG
3302,ARG
3303,ESP
3304,GER
3305,ARG
3306,POR
3307,DEN
3308,POR
3309,ARG
3310,BRA
3311,BRA
3312,ESP
3313,BRA
3314,ESP
3315,POR
3316,ENG
3317,GER
3318,BRA
3319,BRA
3320,ARG
3321,RUS
3322,ESP
3323,BRA
3324,ARG
3325,POR
3326,CRO
3327,POR
3328,POR
3329,POR
3330,ARG
3331,ENG
3332,FRA
3333,COL
3334,BRA
3335,POR
3336,ENG
3337,ENG
3338,GER
3339,GER
3340,SUI
3341,GER
3342,BRA
3343,SWE
3344,BRA
3345,ARG
3346,GER
3347,ENG
3348,ENG
3349,BRA
3350,ESP
3351,RUS
3352,POR
3353,BEL
3354,FRA
3355,POR
3356,GER
3357,BRA
3358,FRA
3359,FRA
3360,IRN
3361,BRA
3362,ARG
3363,GER
3364,ARG
3365,URU
3366,ESP
3367,SUI
3368,ESP
3369,ESP
3370,MEX
3371,ARG
3372,CRO
3373,BRA
3374,ESP
3375,BRA
3376,ARG
3377,ESP
3378,ENG
3379,FRA
3380,ENG
3381,POR
3382,BRA
3383,ENG
3384,BEL
3385,GER
3386,BRA
3387,ESP
3388,ARG
3389,SUI
3390,URU
3391,URU
3392,SWE
3393,POR
3394,BEL
3395,RUS
3396,ARG
3397,GER
3398,ARG
3399,FRA
3400,FRA
3401,RUS
3402,BRA
3403,BEL
3404,BEL
3405,SUI
3406,RUS
3407,RUS
3408,ESP
3409,POR
3410,BRA
3411,ARG
3412,SUI
3413,RUS
3414,RUS
3415,ESP
3416,DEN
3417,ENG
3418,POR
3419,ARG
3420,CRO
3421,DEN
3422,CRO
3423,BRA
3424,ESP
3425,RUS
3426,GER
3427,ESP
3428,ENG
3429,ENG
3430,SUI
3431,GER
3432,GER
3433,BEL
3434,SUI
3435,ESP
3436,ESP
3437,ENG
3438,ARG
3439,ARG
3440,BRA
3441,POR
3442,CRO
3443,JPN
3444,GER
3445,GER
3446,FRA
3447,RUS
3448,DEN
3449,KOR
3450,ARG
3451,ENG
3452,ENG
3453,BEL
3454,GER
3455,FRA
3456,ARG
3457,ESP
3458,ESP
3459,ESP
3460,FRA
3461,RUS
3462,SUI
3463,SUI
3464,BEL
3465,DEN
3466,ENG
3467,BRA
3468,FRA
3469,POR
3470,BRA
3471,ENG
3472,BRA
3473,ENG
3474,ARG
3475,ARG
3476,RUS
3477,POR
3478,ARG
3479,ARG
3480,BRA
3481,BRA
3482,MEX
3483,GER
3484,POR
3485,NGA
3486,ESP
3487,CRO
3488,CRO
3489,ARG
3490,ENG
3491,POR
3492,BEL
3493,BRA
3494,URU
3495,ESP
3496,ARG
3497,COL
3498,FRA
3499,ARG
3500,BRA
3501,ARG
3502,FRA
3503,ARG
3504,BRA
3505,ENG
3506,POL
3507,NGA
3508,FRA
3509,FRA
3510,ARG
3511,BRA
3512,CRO
3513,MEX
3514,ENG
3515,ENG
3516,BEL
3517,ESP
3518,ARG
3519,GER
3520,GER
3521,BRA
3522,POR
3523,FRA
3524,POR
3525,ESP
3526,GER
3527,FRA
3528,GER
3529,ESP
3530,SUI
3531,BEL
3532,BRA
3533,ENG
3534,SUI
3535,POR
3536,ARG
3537,ESP
3538,SRB
3539,ARG
3540,NGA
3541,POR
3542,ESP
3543,CRO
3544,GER
3545,BRA
3546,ENG
3547,BRA
3548,BRA
3549,ESP
3550,DEN
3551,GER
3552,ENG
3553,POR
3554,ESP
3555,GER
3556,ENG
3557,BRA
3558,CRC
3559,ENG
3560,BRA
3561,SUI
3562,ENG
3563,JPN
3564,POR
3565,BRA
3566,FRA
3567,ARG
3568,ARG
3569,GER
3570,BRA
3571,COL
3572,GER
3573,BRA
3574,ESP
3575,RUS
3576,ENG
3577,ESP
3578,ENG
3579,ARG
3580,ESP
3581,BRA
3582,SWE
3583,GER
3584,ARG
3585,ENG
3586,GER
3587,RUS
3588,RUS
3589,ARG
3590,BRA
3591,POR
3592,ARG
3593,ARG
3594,ENG
3595,ARG
3596,BEL
3597,ESP
3598,ESP
3599,MEX
3600,POR
3601,RUS
3602,ARG
3603,ENG
3604,BEL
3605,BRA
3606,SRB
3607,ENG
3608,POR
3609,BEL
3610,ENG
3611,POR
3612,ENG
3613,BRA
3614,GER
3615,ENG
3616,GER
3617,GER
3618,FRA
3619,SRB
3620,RUS
3621,ESP
3622,BRA
3623,FRA
3624,ARG
3625,BRA
3626,GER
3627,ARG
3628,ARG
3629,RUS
3630,KSA
3631,BEL
3632,JPN
3633,ESP
3634,URU
3635,POR
3636,SUI
3637,FRA
3638,CRO
3639,POR
3640,DEN
3641,ARG
3642,BRA
3643,GER
3644,POR
3645,POR
3646,RUS
3647,GER
3648,ESP
3649,ESP
3650,ARG
3651,ENG
3652,POR
3653,ESP
3654,ARG
3655,ENG
3656,ARG
3657,ARG
3658,ESP
3659,CRO
3660,ENG
3661,FRA
3662,BRA
3663,FRA
3664,ARG
3665,ARG
3666,ARG
3667,ENG
3668,BRA
3669,BRA
3670,POR
3671,ARG
3672,FRA
3673,KSA
3674,GER
3675,BRA
3676,FRA
3677,BRA
3678,ARG
3679,POR
3680,ESP
3681,ARG
3682,ENG
3683,FRA
3684,SUI
3685,BRA
3686,GER
3687,ESP
3688,BRA
3689,FRA
3690,ARG
3691,CRO
3692,RUS
3693,COL
3694,ESP
3695,ARG
3696,FRA
3697,BEL
3698,ESP
3699,ARG
3700,CRO
3701,BRA
3702,BRA
3703,GER
3704,POR
3705,POL
3706,POL
3707,ARG
3708,POR
3709,FRA
3710,ESP
3711,FRA
3712,BRA
3713,ESP
3714,BRA
3715,FRA
3716,ESP
3717,ARG
3718,ESP
3719,SRB
3720,ESP
3721,POR
3722,ENG
3723,SUI
3724,RUS
3725,ARG
3726,CRO
3727,RUS
3728,BRA
3729,BEL
3730,BRA
3731,GER
3732,POR
3733,SUI
3734,ENG
3735,ESP
3736,ARG
3737,ARG
3738,BRA
3739,CRC
3740,SUI
3741,ESP
3742,ENG
3743,POR
3744,ESP
3745,POR
3746,JPN
3747,BRA
3748,ARG
3749,CRO
3750,ARG
3751,ARG
3752,BRA
3753,GER
3754,GER
3755,ENG
3756,BRA
3757,GER
3758,ESP
3759,BRA
3760,POR
3761,FRA
3762,FRA
3763,ESP
3764,POR
3765,SUI
3766,BRA
3767,ENG
3768,POL
3769,ARG
3770,RUS
3771,ARG
3772,GER
3773,ARG
3774,ENG
3775,GER
3776,BRA
3777,SUI
3778,ESP
3779,BRA
3780,ARG
3781,BRA
3782,ENG
3783,JPN
3784,ENG
3785,BRA
3786,BRA
3787,RUS
3788,BRA
3789,ARG
3790,FRA
3791,KSA
3792,ENG
3793,ESP
3794,BRA
3795,FRA
3796,ENG
3797,GER
3798,FRA
3799,SUI
3800,FRA
3801,BRA
3802,TUN
3803,ARG
3804,FRA
3805,ESP
3806,FRA
3807,ARG
3808,ARG
3809,BRA
3810,GER
3811,ARG
3812,ENG
3813,ESP
3814,ARG
3815,POR
3816,ENG
3817,ARG
3818,ESP
3819,FRA
3820,GER
3821,BRA
3822,GER
3823,ESP
3824,SWE
3825,ESP
3826,FRA
3827,JPN
3828,COL
3829,SEN
3830,KSA
3831,DEN
3832,FRA
3833,ARG
3834,BEL
3835,GER
3836,ESP
3837,POR
3838,FRA
3839,POR
3840,BRA
3841,ENG
3842,ENG
3843,RUS
3844,CRO
3845,DEN
3846,SUI
3847,COL
3848,ENG
3849,ESP
3850,ARG
3851,ESP
3852,GER
3853,BRA
3854,BRA
3855,ARG
3856,ARG
3857,BRA
3858,BRA
3859,POR
3860,JPN
3861,BRA
3862,POR
3863,ARG
3864,POL
3865,ARG
3866,GER
3867,ARG
3868,ESP
3869,POR
3870,IRN
3871,ARG
3872,GER
3873,ARG
3874,COL
3875,ESP
3876,FRA
3877,ENG
3878,ESP
3879,NGA
3880,ENG
3881,RUS
3882,ESP
3883,URU
3884,ARG
3885,ENG
3886,ESP
3887,GER
3888,FRA
3889,POR
3890,ESP
3891,GER
3892,RUS
3893,BRA
3894,RUS
3895,BRA
3896,ARG
3897,ESP
3898,BRA
3899,ESP
3900,ESP
3901,ARG
3902,GER
3903,ESP
3904,BRA
3905,GER
3906,POR
3907,ARG
3908,ENG
3909,ARG
3910,COL
3911,CRO
3912,GER
3913,ARG
3914,POR
3915,POR
3916,POR
3917,RUS
3918,POR
3919,FRA
3920,TUN
3921,GER
3922,POR
3923,GER
3924,RUS
3925,ESP
3926,BRA
3927,PAN
3928,POL
3929,ESP
3930,POR
3931,BEL
3932,BEL
3933,RUS
3934,GER
3935,ARG
3936,SUI
3937,GER
3938,URU
3939,ESP
3940,COL
3941,POR
3942,SUI
3943,ESP
3944,BRA
3945,BRA
3946,POR
3947,GER
3948,ARG
3949,POR
3950,POR
3951,RUS
3952,ARG
3953,BEL
3954,ARG
3955,BRA
3956,ARG
3957,FRA
3958,ESP
3959,ENG
3960,ARG
3961,ENG
3962,GER
3963,BRA
3964,BRA
3965,BRA
3966,ENG
3967,ENG
3968,BRA
3969,BRA
3970,BEL
3971,BRA
3972,POR
3973,FRA
3974,BEL
3975,ENG
3976,ENG
3977,SUI
3978,BEL
3979,BRA
3980,BRA
3981,FRA
3982,MEX
3983,GER
3984,ARG
3985,POR
3986,POL
3987,ENG
3988,FRA
3989,GER
3990,FRA
3991,GER
3992,POR
3993,ARG
3994,RUS
3995,ARG
3996,BRA
3997,ENG
3998,POR
3999,BRA
4000,BEL
4001,ARG
4002,ESP
4003,ENG
4004,ESP
4005,ARG
4006,KOR
4007,KOR
4008,ESP
4009,GER
4010,ESP
4011,ESP
4012,CRO
4013,BRA
4014,ESP
4015,POR
4016,BRA
4017,JPN
4018,POR
4019,RUS
4020,ARG
4021,BEL
4022,ESP
4023,ESP
4024,AUS
4025,ESP
4026,ENG
4027,POR
4028,RUS
4029,ENG
4030,ARG
4031,MEX
4032,POR
4033,FRA
4034,ARG
4035,FRA
4036,ENG
4037,ARG
4038,BEL
4039,RUS
4040,FRA
4041,FRA
4042,FRA
4043,ESP
4044,ARG
4045,BEL
4046,POR
4047,BEL
4048,POR
4049,ARG
4050,ARG
4051,ENG
4052,GER
4053,KOR
4054,PAN
4055,POR
4056,ARG
4057,BEL
4058,BRA
4059,ESP
4060,SUI
4061,DEN
4062,ENG
4063,ENG
4064,ARG
4065,BRA
4066,ARG
4067,BRA
4068,ESP
4069,BEL
4070,SUI
4071,RUS
4072,CRO
4073,POR
4074,GER
4075,BRA
4076,ENG
4077,BEL
4078,POR
4079,KOR
4080,ARG
4081,BEL
4082,BRA
4083,FRA
4084,BRA
4085,GER
4086,ARG
4087,GER
4088,FRA
4089,ESP
4090,ESP
4091,ENG
4092,AUS
4093,ESP
4094,POR
4095,BRA
4096,MEX
4097,ENG
4098,ARG
4099,ARG
4100,FRA
4101,GER
4102,BRA
4103,BRA
4104,RUS
4105,BRA
4106,BEL
4107,ENG
4108,SUI
4109,RUS
4110,POR
4111,ARG
4112,BRA
4113,GER
4114,ARG
4115,BRA
4116,BRA
4117,FRA
4118,RUS
4119,MEX
4120,GER
4121,ARG
4122,POR
4123,POR
4124,CRO
4125,BRA
4126,POR
4127,POR
4128,BRA
4129,BRA
4130,RUS
4131,BRA
4132,GER
4133,PAN
4134,ENG
4135,BRA
4136,ARG
4137,ESP
4138,GER
4139,SUI
4140,POR
4141,ARG
4142,BRA
4143,GER
4144,ENG
4145,GER
4146,NGA
4147,ARG
4148,URU
4149,BRA
4150,ENG
4151,GER
4152,ESP
4153,ARG
4154,COL
4155,RUS
4156,ENG
4157,CRO
4158,ENG
4159,GER
4160,POR
4161,FRA
4162,ESP
4163,BRA
4164,ENG
4165,GER
4166,ESP
4167,ESP
4168,ARG
4169,BRA
4170,BRA
4171,BRA
4172,GER
4173,POR
4174,POR
4175,ENG
4176,ENG
4177,COL
4178,AUS
4179,ARG
4180,CRO
4181,ARG
4182,BEL
4183,ARG
4184,ARG
4185,ENG
4186,ESP
4187,BRA
4188,ARG
4189,ARG
4190,BRA
4191,ENG
4192,RUS
4193,GER
4194,RUS
4195,ENG
4196,POR
4197,ENG
4198,ARG
4199,ESP
4200,BEL
4201,BRA
4202,POR
4203,ENG
4204,URU
4205,BEL
4206,FRA
4207,SUI
4208,RUS
4209,GER
4210,ARG
4211,FRA
4212,SUI
4213,RUS
4214,ENG
4215,GER
4216,RUS
4217,ESP
4218,ESP
4219,BRA
4220,DEN
4221,POR
4222,ARG
4223,ESP
4224,FRA
4225,SUI
4226,ARG
4227,ENG
4228,POR
4229,ARG
4230,RUS
4231,BRA
4232,POR
4233,ESP
4234,POR
4235,POR
4236,ESP
4237,BEL
4238,POR
4239,POR
4240,ENG
4241,GER
4242,ENG
4243,CRO
4244,POR
4245,ESP
4246,BEL
4247,BRA
4248,SUI
4249,GER
4250,BEL
4251,GER
4252,DEN
4253,RUS
4254,ARG
4255,ENG
4256,ESP
4257,ENG
4258,FRA
4259,ESP
4260,ARG
4261,RUS
4262,RUS
4263,BRA
4264,ENG
4265,KOR
4266,FRA
4267,GER
4268,ENG
4269,ARG
4270,ARG
4271,ARG
4272,RUS
4273,ARG
4274,ESP
4275,BEL
4276,JPN
4277,SEN
4278,POR
4279,POR
4280,AUS
4281,JPN
4282,ENG
4283,ENG
4284,BEL
4285,ENG
4286,POR
4287,BRA
4288,ESP
4289,POR
4290,BRA
4291,RUS
4292,ENG
4293,BEL
4294,BRA
4295,GER
4296,ARG
4297,BRA
4298,BRA
4299,POR
4300,BRA
4301,CRO
4302,ENG
4303,ESP
4304,BEL
4305,GER
4306,BRA
4307,NGA
4308,ENG
4309,BRA
4310,GER
4311,BRA
4312,ARG
4313,ENG
4314,BRA
4315,POR
4316,BRA
4317,BEL
4318,ENG
4319,BRA
4320,BEL
4321,BRA
4322,BEL
4323,FRA
4324,FRA
4325,ENG
4326,SUI
4327,GER
4328,POR
4329,BEL
4330,POR
4331,FRA
4332,ENG
4333,BRA
4334,BEL
4335,FRA
4336,BRA
4337,COL
4338,POR
4339,ARG
4340,ESP
4341,POR
4342,CRO
4343,BEL
4344,FRA
4345,BRA
4346,BRA
4347,POL
4348,ENG
4349,FRA
4350,PER
4351,URU
4352,SWE
4353,ARG
4354,ARG
4355,KOR
4356,URU
4357,ARG
4358,ESP
4359,BEL
4360,ESP
4361,ARG
4362,ESP
4363,BRA
4364,BEL
4365,ESP
4366,BRA
4367,ARG
4368,POR
4369,CRO
4370,ESP
4371,BRA
4372,ENG
4373,POR
4374,ENG
4375,KSA
4376,ENG
4377,ESP
4378,ENG
4379,ARG
4380,BEL
4381,KSA
4382,BRA
4383,ARG
4384,POR
4385,SWE
4386,BEL
4387,ESP
4388,ARG
4389,FRA
4390,SUI
4391,FRA
4392,POR
4393,ENG
4394,ARG
4395,ESP
4396,ARG
4397,FRA
4398,MEX
4399,POR
4400,BEL
4401,ARG
4402,RUS
4403,SRB
4404,BRA
4405,ENG
4406,BRA
4407,BEL
4408,SUI
4409,GER
4410,ARG
4411,ARG
4412,POR
4413,RUS
4414,FRA
4415,ARG
4416,POR
4417,GER
4418,ARG
4419,CRO
4420,ENG
4421,ARG
4422,ESP
4423,ESP
4424,JPN
4425,ARG
4426,ESP
4427,POR
4428,POR
4429,POR
4430,ENG
4431,ESP
4432,BRA
4433,FRA
4434,GER
4435,ARG
4436,ESP
4437,ESP
4438,JPN
4439,BEL
4440,ARG
4441,RUS
4442,GER
4443,POR
4444,POR
4445,POL
4446,ARG
4447,COL
4448,BRA
4449,BEL
4450,BEL
4451,POR
4452,BEL
4453,GER
4454,GER
4455,GER
4456,RUS
4457,FRA
4458,ARG
4459,ARG
4460,SUI
4461,ENG
4462,ESP
4463,BRA
4464,CRO
4465,POR
4466,BEL
4467,ENG
4468,MAR
4469,URU
4470,SRB
4471,ENG
4472,ESP
4473,GER
4474,POL
4475,ENG
4476,GER
4477,POR
4478,ENG
4479,AUS
4480,URU
4481,BRA
4482,GER
4483,ENG
4484,ARG
4485,BRA
4486,ENG
4487,SUI
4488,SUI
4489,ESP
4490,URU
4491,RUS
4492,BRA
4493,ENG
4494,POR
4495,FRA
4496,FRA
4497,ESP
4498,GER
4499,SUI
4500,ARG
4501,ARG
4502,GER
4503,ARG
4504,SRB
4505,IRN
4506,ENG
4507,RUS
4508,KSA
4509,ARG
4510,FRA
4511,SUI
4512,RUS
4513,POR
4514,ARG
4515,URU
4516,FRA
4517,ENG
4518,BRA
4519,BRA
4520,ENG
4521,FRA
4522,ESP
4523,ARG
4524,ESP
4525,FRA
4526,ENG
4527,BRA
4528,ARG
4529,POR
4530,SUI
4531,MEX
4532,BRA
4533,BRA
4534,FRA
4535,BRA
4536,CRO
4537,ENG
4538,ENG
4539,GER
4540,ESP
4541,FRA
4542,POR
4543,POR
4544,ESP
4545,POR
4546,ARG
4547,FRA
4548,GER
4549,BRA
4550,DEN
4551,FRA
4552,BRA
4553,ESP
4554,BEL
4555,BEL
4556,BRA
4557,BRA
4558,ARG
4559,BRA
4560,BEL
4561,CRO
4562,ESP
4563,BRA
4564,POR
4565,ARG
4566,SUI
4567,ARG
4568,ARG
4569,ESP
4570,KOR
4571,FRA
4572,ENG
4573,ESP
4574,BRA
4575,ARG
4576,ENG
4577,ESP
4578,ARG
4579,ARG
4580,BRA
4581,BRA
4582,POR
4583,ENG
4584,POR
4585,BEL
4586,FRA
4587,CRO
4588,GER
4589,ENG
4590,GER
4591,BRA
4592,POR
4593,POR
4594,GER
4595,ESP
4596,FRA
4597,GER
4598,BEL
4599,BRA
4600,ARG
4601,BRA
4602,SUI
4603,BRA
4604,BEL
4605,RUS
4606,ARG
4607,ESP
4608,ENG
4609,ARG
4610,ARG
4611,FRA
4612,FRA
4613,CRO
4614,CRO
4615,BRA
4616,ESP
4617,BRA
4618,BRA
4619,ENG
4620,ARG
4621,ESP
4622,ARG
4623,CRO
4624,BRA
4625,ESP
4626,FRA
4627,ARG
4628,POR
4629,RUS
4630,BRA
4631,COL
4632,ENG
4633,GER
4634,POR
4635,RUS
4636,ESP
4637,ESP
4638,CRO
4639,GER
4640,ARG
4641,FRA
4642,ARG
4643,ENG
4644,BRA
4645,ARG
4646,FRA
4647,ARG
4648,FRA
4649,ESP
4650,AUS
4651,ARG
4652,POR
4653,SEN
4654,BEL
4655,BRA
4656,ESP
4657,ARG
4658,ARG
4659,POR
4660,POL
4661,POL
4662,FRA
4663,ENG
4664,FRA
4665,BRA
4666,ESP
4667,RUS
4668,BRA
4669,GER
4670,GER
4671,SUI
4672,FRA
4673,ENG
4674,BRA
4675,GER
4676,POR
4677,ARG
4678,RUS
4679,SRB
4680,ESP
4681,GER
4682,POL
4683,RUS
4684,ESP
4685,ARG
4686,GER
4687,ENG
4688,CRO
4689,SUI
4690,POR
4691,RUS
4692,ESP
4693,FRA
4694,GER
4695,GER
4696,BRA
4697,ESP
4698,RUS
4699,POR
4700,ESP
4701,ARG
4702,ARG
4703,RUS
4704,FRA
4705,RUS
4706,RUS
4707,ESP
4708,POL
4709,FRA
4710,ARG
4711,POR
4712,ESP
4713,RUS
4714,ENG
4715,BEL
4716,ESP
4717,BRA
4718,COL
4719,RUS
4720,ARG
4721,GER
4722,ARG
4723,JPN
4724,ESP
4725,FRA
4726,KOR
4727,FRA
4728,COL
4729,JPN
4730,ARG
4731,ESP
4732,JPN
4733,SUI
4734,GER
4735,ARG
4736,FRA
4737,BEL
4738,ENG
4739,ENG
4740,RUS
4741,ENG
4742,ARG
4743,ARG
4744,ARG
4745,ARG
4746,POR
4747,BRA
4748,ESP
4749,FRA
4750,FRA
4751,ESP
4752,ENG
4753,ENG
4754,ENG
4755,ARG
4756,FRA
4757,ARG
4758,BRA
4759,BEL
4760,ARG
4761,BRA
4762,ENG
4763,FRA
4764,SUI
4765,POR
4766,GER
4767,BRA
4768,POL
4769,ESP
4770,ENG
4771,BRA
4772,ESP
4773,BRA
4774,BEL
4775,CRO
4776,ESP
4777,ESP
4778,ENG
4779,BRA
4780,RUS
4781,COL
4782,ARG
4783,ESP
4784,ESP
4785,ESP
4786,RUS
4787,RUS
4788,POR
4789,BRA
4790,ESP
4791,FRA
4792,CRO
4793,GER
4794,POR
4795,ARG
4796,FRA
4797,BRA
4798,POR
4799,BEL
4800,ARG
4801,ARG
4802,GER
4803,CRO
4804,ESP
4805,ESP
4806,POR
4807,BRA
4808,ENG
4809,DEN
4810,SUI
4811,ENG
4812,GER
4813,ESP
4814,DEN
4815,ARG
4816,POL
4817,BEL
4818,POR
4819,BRA
4820,ESP
4821,ARG
4822,ARG
4823,ENG
4824,GER
4825,ARG
4826,RUS
4827,BRA
4828,BRA
4829,BEL
4830,COL
4831,ARG
4832,KSA
4833,ARG
4834,FRA
4835,URU
4836,BRA
4837,POR
4838,ARG
4839,COL
4840,CRC
4841,FRA
4842,FRA
4843,FRA
4844,JPN
4845,BEL
4846,POR
4847,FRA
4848,BEL
4849,RUS
4850,ESP
4851,BRA
4852,ENG
4853,FRA
4854,POR
4855,ENG
4856,BEL
4857,FRA
4858,POR
4859,FRA
4860,ENG
4861,ENG
4862,GER
4863,RUS
4864,FRA
4865,POR
4866,BRA
4867,GER
4868,BRA
4869,MEX
4870,ARG
4871,GER
4872,ESP
4873,CRO
4874,ENG
4875,ESP
4876,ENG
4877,ARG
4878,ENG
4879,ESP
4880,ESP
4881,POR
4882,FRA
4883,BRA
4884,BEL
4885,ESP
4886,ARG
4887,ENG
4888,BRA
4889,RUS
4890,POL
4891,RUS
4892,BRA
4893,BRA
4894,ARG
4895,ESP
4896,POR
4897,ARG
4898,ESP
4899,BRA
4900,POR
4901,GER
4902,SEN
4903,BRA
4904,ESP
4905,FRA
4906,JPN
4907,ESP
4908,MEX
4909,ESP
4910,BRA
4911,BRA
4912,BRA
4913,RUS
4914,GER
4915,ESP
4916,POR
4917,ARG
4918,SUI
4919,POR
4920,GER
4921,COL
4922,POL
4923,ESP
4924,ENG
4925,ENG
4926,RUS
4927,FRA
4928,ENG
4929,BRA
4930,ENG
4931,BRA
4932,RUS
4933,CRO
4934,GER
4935,ARG
4936,POL
4937,BRA
4938,SUI
4939,POR
4940,ARG
4941,FRA
4942,ESP
4943,FRA
4944,BEL
4945,GER
4946,POR
4947,KSA
4948,BRA
4949,BEL
4950,BRA
4951,ENG
4952,COL
4953,RUS
4954,ARG
4955,BEL
4956,ARG
4957,FRA
4958,GER
4959,FRA
4960,POL
4961,POR
4962,GER
4963,FRA
4964,POR
4965,BEL
4966,BEL
4967,ESP
4968,ESP
4969,ARG
4970,POL
4971,FRA
4972,ESP
4973,ENG
4974,ENG
4975,FRA
4976,GER
4977,RUS
4978,CRO
4979,ENG
4980,BRA
4981,DEN
4982,RUS
4983,BRA
4984,ARG
4985,ESP
4986,ENG
4987,BRA
4988,ARG
4989,BRA
4990,BEL
4991,GER
4992,FRA
4993,ARG
4994,BRA
4995,ARG
4996,ENG
4997,ENG
4998,CRO
4999,BRA
5000,POR
5001,ENG
5002,POR
5003,ARG
5004,GER
5005,ESP
5006,BRA
5007,SUI
5008,SWE
5009,RUS
5010,ARG
5011,GER
5012,ENG
5013,ENG
5014,ARG
5015,ARG
5016,RUS
5017,BRA
5018,ARG
5019,POR
5020,BRA
5021,POL
5022,BRA
5023,ENG
5024,SUI
5025,BEL
5026,CRC
5027,ARG
5028,ARG
5029,BRA
5030,ESP
5031,SRB
5032,RUS
5033,BRA
5034,BRA
5035,POR
5036,RUS
5037,GER
5038,BEL
5039,POR
5040,KOR
5041,BRA
5042,FRA
5043,GER
5044,JPN
5045,FRA
5046,BRA
5047,COL
5048,ESP
5049,CRO
5050,BRA
5051,RUS
5052,CRO
5053,SWE
5054,FRA
5055,ARG
5056,ESP
5057,ESP
5058,RUS
5059,URU
5060,ARG
5061,FRA
5062,GER
5063,BRA
5064,FRA
5065,CRO
5066,ESP
5067,GER
5068,SWE
5069,SUI
5070,ESP
5071,CRO
5072,RUS
5073,GER
5074,DEN
5075,ESP
5076,MEX
5077,MEX
5078,ARG
5079,BRA
5080,RUS
5081,FRA
5082,ARG
5083,FRA
5084,CRO
5085,FRA
5086,BEL
5087,BRA
5088,FRA
5089,ARG
5090,COL
5091,BRA
5092,SUI
5093,RUS
5094,ESP
5095,ENG
5096,GER
5097,ENG
5098,ARG
5099,FRA
5100,POR
5101,ENG
5102,SEN
5103,ENG
5104,POR
5105,FRA
5106,ESP
5107,MAR
5108,ARG
5109,BRA
5110,ARG
5111,POR
5112,RUS
5113,BRA
5114,ARG
5115,FRA
5116,SRB
5117,SWE
5118,ARG
5119,ENG
5120,ENG
5121,SRB
5122,SUI
5123,CRO
5124,ENG
5125,BRA
5126,ARG
5127,GER
5128,ENG
5129,ENG
5130,BRA
5131,CRO
5132,POR
5133,BRA
5134,RUS
5135,CRO
5136,COL
5137,SUI
5138,ARG
5139,ESP
5140,ARG
5141,POR
5142,POR
5143,ARG
5144,ESP
5145,ENG
5146,ESP
5147,BEL
5148,CRO
5149,ARG
5150,ESP
5151,FRA
5152,SUI
5153,ARG
5154,FRA
5155,BEL
5156,ENG
5157,BRA
5158,BRA
5159,FRA
5160,ARG
5161,ARG
5162,POR
5163,ESP
5164,ESP
5165,CRO
5166,BRA
5167,COL
5168,BRA
5169,BRA
5170,RUS
5171,CRO
5172,SUI
5173,POL
5174,SEN
5175,ARG
5176,FRA
5177,ARG
5178,ENG
5179,ARG
5180,ARG
5181,RUS
5182,ESP
5183,RUS
5184,KOR
5185,CRO
5186,RUS
5187,SUI
5188,BRA
5189,ARG
5190,CRO
5191,ESP
5192,BEL
5193,RUS
5194,POR
5195,GER
5196,SUI
5197,RUS
5198,GER
5199,ESP
5200,ENG
5201,GER
5202,ENG
5203,POR
5204,FRA
5205,ENG
5206,ESP
5207,POR
5208,FRA
5209,BRA
5210,BRA
5211,TUN
5212,COL
5213,ESP
5214,BEL
5215,POR
5216,ENG
5217,FRA
5218,BEL
5219,FRA
5220,COL
5221,ESP
5222,ARG
5223,BEL
5224,ESP
5225,GER
5226,POR
5227,POL
5228,KSA
5229,RUS
5230,RUS
5231,BRA
5232,BRA
5233,BRA
5234,RUS
5235,BEL
5236,BRA
5237,RUS
5238,ARG
5239,GER
5240,RUS
5241,BRA
5242,ESP
5243,ESP
5244,BRA
5245,GER
5246,ESP
5247,ESP
5248,POR
5249,BRA
5250,CRO
5251,BEL
5252,ARG
5253,BRA
5254,ENG
5255,SUI
5256,ENG
5257,FRA
5258,BRA
5259,JPN
5260,BEL
5261,ARG
5262,BEL
5263,BRA
5264,POR
5265,ARG
5266,ARG
5267,POR
5268,ESP
5269,URU
5270,ESP
5271,SRB
5272,ARG
5273,ESP
5274,POR
5275,FRA
5276,CRO
5277,POR
5278,FRA
5279,ARG
5280,BRA
5281,POR
5282,GER
5283,BRA
5284,BEL
5285,ESP
5286,POR
5287,ENG
5288,ARG
5289,ENG
5290,GER
5291,ESP
5292,ESP
5293,SUI
5294,GER
5295,FRA
5296,ARG
5297,ARG
5298,BRA
5299,ARG
5300,CRO
5301,SUI
5302,GER
5303,RUS
5304,ENG
5305,POR
5306,ENG
5307,ESP
5308,ARG
5309,CRO
5310,POR
5311,BRA
5312,COL
5313,ARG
5314,IRN
5315,GER
5316,JPN
5317,COL
5318,ARG
5319,RUS
5320,ESP
5321,CRO
5322,ARG
5323,ENG
5324,ARG
5325,BEL
5326,ESP
5327,ARG
5328,ENG
5329,POR
5330,BEL
5331,SWE
5332,ESP
5333,ESP
5334,POR
5335,URU
5336,POR
5337,KSA
5338,BRA
5339,BRA
5340,FRA
5341,BEL
5342,FRA
5343,MEX
5344,COL
5345,ARG
5346,ESP
5347,GER
5348,COL
5349,ENG
5350,DEN
5351,POR
5352,ARG
5353,NGA
5354,FRA
5355,ESP
5356,ESP
5357,GER
5358,ARG
5359,BRA
5360,BRA
5361,BEL
5362,ARG
5363,GER
5364,GER
5365,GER
5366,FRA
5367,BRA
5368,POR
5369,POR
5370,ESP
5371,CRO
5372,GER
5373,BRA
5374,BRA
5375,FRA
5376,SUI
5377,COL
5378,BRA
5379,POR
5380,BRA
5381,GER
5382,COL
5383,FRA
5384,GER
5385,ESP
5386,ARG
5387,FRA
5388,BRA
5389,BRA
5390,POR
5391,ARG
5392,BRA
5393,POR
5394,SRB
5395,POR
5396,BEL
5397,ENG
5398,POR
5399,ARG
5400,POL
5401,BEL
5402,CRO
5403,ENG
5404,POR
5405,BRA
5406,BRA
5407,COL
5408,BRA
5409,CRO
5410,ESP
5411,RUS
5412,BRA
5413,CRO
5414,FRA
5415,POL
5416,RUS
5417,ISL
5418,POR
5419,BRA
5420,FRA
5421,ENG
5422,BRA
5423,CRO
5424,BRA
5425,ENG
5426,ENG
5427,GER
5428,CRO
5429,POR
5430,POR
5431,ARG
5432,DEN
5433,GER
5434,ESP
5435,BRA
5436,ESP
5437,POR
5438,ARG
5439,ESP
5440,BRA
5441,BRA
5442,POR
5443,BRA
5444,BEL
5445,BRA
5446,BRA
5447,ARG
5448,URU
5449,RUS
5450,CRO
5451,GER
5452,ARG
5453,ESP
5454,ARG
5455,URU
5456,ENG
5457,FRA
5458,BEL
5459,BRA
5460,BRA
5461,ENG
5462,FRA
5463,FRA
5464,ARG
5465,ESP
5466,COL
5467,SUI
5468,RUS
5469,ARG
5470,POR
5471,ARG
5472,BRA
5473,ESP
5474,SUI
5475,GER
5476,COL
5477,BRA
5478,ESP
5479,ARG
5480,FRA
5481,GER
5482,ARG
5483,BEL
5484,ARG
5485,SUI
5486,FRA
5487,BRA
5488,SUI
5489,BRA
5490,ESP
5491,ARG
5492,ESP
5493,ESP
5494,MAR
5495,ESP
5496,RUS
5497,FRA
5498,CRO
5499,BEL
5500,POR
5501,POR
5502,POR
5503,ARG
5504,CRO
5505,SRB
5506,ENG
5507,ENG
5508,BEL
5509,ENG
5510,BEL
5511,ENG
5512,GER
5513,BRA
5514,ESP
5515,ARG
5516,ARG
5517,POR
5518,GER
5519,BRA
5520,ENG
5521,RUS
5522,ARG
5523,JPN
5524,ARG
5525,FRA
5526,RUS
5527,ARG
5528,BRA
5529,BRA
5530,ESP
5531,BRA
5532,POR
5533,POR
5534,POR
5535,ENG
5536,FRA
5537,ARG
5538,BRA
5539,POR
5540,GER
5541,ESP
5542,URU
5543,SUI
5544,GER
5545,FRA
5546,POR
5547,FRA
5548,FRA
5549,RUS
5550,ESP
5551,ENG
5552,POR
5553,CRO
5554,GER
5555,BEL
5556,URU
5557,BEL
5558,GER
5559,FRA
5560,GER
5561,RUS
5562,KOR
5563,RUS
5564,ARG
5565,FRA
5566,ESP
5567,POR
5568,ARG
5569,GER
5570,ESP
5571,ARG
5572,BRA
5573,ARG
5574,FRA
5575,BRA
5576,BRA
5577,BRA
5578,POR
5579,ENG
5580,SRB
5581,ENG
5582,MEX
5583,ESP
5584,ESP
5585,BRA
5586,SEN
5587,POR
5588,BRA
5589,ARG
5590,FRA
5591,BEL
5592,ARG
5593,ARG
5594,ESP
5595,POR
5596,BRA
5597,BRA
5598,POL
5599,POR
5600,FRA
5601,FRA
5602,BRA
5603,BRA
5604,BEL
5605,ARG
5606,ARG
5607,ESP
5608,SUI
5609,BEL
5610,FRA
5611,SUI
5612,ENG
5613,RUS
5614,JPN
5615,GER
5616,ARG
5617,BEL
5618,ARG
5619,FRA
5620,ENG
5621,MEX
5622,BRA
5623,ENG
5624,PAN
5625,ARG
5626,ESP
5627,GER
5628,ENG
5629,BRA
5630,ESP
5631,ENG
5632,SUI
5633,ESP
5634,BRA
5635,CRO
5636,RUS
5637,ARG
5638,GER
5639,ENG
5640,ENG
5641,KOR
5642,GER
5643,COL
5644,ENG
5645,ARG
5646,BRA
5647,CRO
5648,RUS
5649,RUS
5650,ENG
5651,POR
5652,FRA
5653,POR
5654,GER
5655,KOR
5656,COL
5657,RUS
5658,POL
5659,ESP
5660,ARG
5661,BEL
5662,URU
5663,BRA
5664,SUI
5665,POR
5666,ESP
5667,ESP
5668,COL
5669,POR
5670,GER
5671,ENG
5672,POR
5673,FRA
5674,POR
5675,BRA
5676,SRB
5677,CRO
5678,BRA
5679,ENG
5680,BRA
5681,ESP
5682,ENG
5683,ESP
5684,POR
5685,POR
5686,BRA
5687,TUN
5688,ARG
5689,BRA
5690,ESP
5691,BRA
5692,ENG
5693,ENG
5694,ESP
5695,ARG
5696,JPN
5697,POR
5698,POR
5699,FRA
5700,ENG
5701,COL
5702,RUS
5703,ARG
5704,RUS
5705,ENG
5706,RUS
5707,COL
5708,BRA
5709,FRA
5710,ESP
5711,ENG
5712,BRA
5713,POR
5714,GER
5715,ARG
5716,BRA
5717,ENG
5718,BRA
5719,BEL
5720,BEL
5721,ARG
5722,BRA
5723,ESP
5724,POR
5725,ARG
5726,URU
5727,ARG
5728,BRA
5729,GER
5730,POR
5731,POR
5732,FRA
5733,CRO
5734,POL
5735,DEN
5736,ENG
5737,KOR
5738,COL
5739,FRA
5740,FRA
5741,FRA
5742,RUS
5743,BRA
5744,ESP
5745,ARG
5746,ARG
5747,BRA
5748,BRA
5749,ESP
5750,RUS
5751,ENG
5752,BRA
5753,ARG
5754,ARG
5755,FRA
5756,ESP
5757,BRA
5758,AUS
5759,ESP
5760,ARG
5761,PER
5762,ARG
5763,FRA
5764,GER
5765,POR
5766,FRA
5767,CRO
5768,BRA
5769,POR
5770,FRA
5771,CRO
5772,GER
5773,CRO
5774,POR
5775,ENG
5776,GER
5777,RUS
5778,CRO
5779,CRO
5780,POR
5781,FRA
5782,ESP
5783,ARG
5784,RUS
5785,ARG
5786,BRA
5787,FRA
5788,BRA
5789,CRC
5790,KOR
5791,SUI
5792,EGY
5793,ESP
5794,RUS
5795,BEL
5796,CRO
5797,BRA
5798,BEL
5799,ARG
5800,ESP
5801,MEX
5802,BRA
5803,ENG
5804,ESP
5805,ARG
5806,ESP
5807,BEL
5808,RUS
5809,BRA
5810,CRO
5811,CRO
5812,POR
5813,DEN
5814,POR
5815,POR
5816,ENG
5817,POR
5818,ESP
5819,ENG
5820,BRA
5821,FRA
5822,ESP
5823,ESP
5824,ESP
5825,ARG
5826,FRA
5827,BEL
5828,GER
5829,ENG
5830,ESP
5831,FRA
5832,ARG
5833,BEL
5834,SUI
5835,ENG
5836,DEN
5837,FRA
5838,GER
5839,POR
5840,BRA
5841,BRA
5842,ENG
5843,ENG
5844,ESP
5845,MAR
5846,ENG
5847,ENG
5848,GER
5849,ARG
5850,BRA
5851,ENG
5852,BRA
5853,FRA
5854,CRO
5855,GER
5856,BEL
5857,CRO
5858,URU
5859,ARG
5860,MEX
5861,GER
5862,ARG
5863,ARG
5864,ESP
5865,FRA
5866,URU
5867,ESP
5868,KOR
5869,CRO
5870,POR
5871,POR
5872,POR
5873,ENG
5874,POR
5875,ESP
5876,ENG
5877,BEL
5878,FRA
5879,ESP
5880,ARG
5881,ESP
5882,ARG
5883,BRA
5884,ARG
5885,ARG
5886,ESP
5887,ARG
5888,BRA
5889,GER
5890,BRA
5891,ARG
5892,ARG
5893,ESP
5894,ENG
5895,CRO
5896,SUI
5897,JPN
5898,ARG
5899,FRA
5900,ENG
5901,BEL
5902,POR
5903,POR
5904,FRA
5905,GER
5906,ARG
5907,GER
5908,BEL
5909,URU
5910,COL
5911,ENG
5912,ESP
5913,ARG
5914,BRA
5915,FRA
5916,AUS
5917,FRA
5918,ESP
5919,BRA
5920,ARG
5921,ENG
5922,POR
5923,ESP
5924,RUS
5925,SUI
5926,RUS
5927,ENG
5928,FRA
5929,ARG
5930,ARG
5931,BEL
5932,BRA
5933,GER
5934,ESP
5935,RUS
5936,GER
5937,ARG
5938,BRA
5939,BRA
5940,FRA
5941,ARG
5942,COL
5943,ENG
5944,BRA
5945,ARG
5946,ESP
5947,POR
5948,POL
5949,SRB
5950,BEL
5951,GER
5952,BEL
5953,ENG
5954,MEX
5955,CRO
5956,BEL
5957,RUS
5958,ARG
5959,ESP
5960,ARG
5961,JPN
5962,ARG
5963,ARG
5964,ARG
5965,URU
5966,ARG
5967,SUI
5968,ESP
5969,ARG
5970,GER
5971,POR
5972,SUI
5973,BEL
5974,SEN
5975,ESP
5976,GER
5977,ESP
5978,POR
5979,ESP
5980,GER
5981,ESP
5982,POL
5983,GER
5984,BRA
5985,ARG
5986,ARG
5987,ARG
5988,BEL
5989,ESP
5990,FRA
5991,ESP
5992,BRA
5993,BRA
5994,ENG
5995,ENG
5996,SUI
5997,COL
5998,POR
5999,RUS
6000,ENG
6001,ESP
6002,BEL
6003,GER
6004,ARG
6005,BRA
6006,ENG
6007,GER
6008,ESP
6009,GER
6010,ESP
6011,ARG
6012,ENG
6013,GER
6014,COL
6015,ESP
6016,BEL
6017,FRA
6018,CRO
6019,ENG
6020,ESP
6021,KOR
6022,RUS
6023,POR
6024,ARG
6025,FRA
6026,POR
6027,BRA
6028,FRA
6029,BRA
6030,ARG
6031,CRO
6032,ENG
6033,BRA
6034,ARG
6035,RUS
6036,FRA
6037,AUS
6038,ESP
6039,RUS
6040,GER
6041,POR
6042,BEL
6043,GER
6044,POR
6045,SRB
6046,IRN
6047,ESP
6048,ESP
6049,ESP
6050,ENG
6051,ENG
6052,ARG
6053,DEN
6054,ARG
6055,ARG
6056,BRA
6057,ARG
6058,ARG
6059,ESP
6060,ENG
6061,POL
6062,SRB
6063,GER
6064,RUS
6065,RUS
6066,GER
6067,GER
6068,ARG
6069,ARG
6070,BRA
6071,FRA
6072,ENG
6073,URU
6074,ENG
6075,ENG
6076,BRA
6077,POR
6078,ARG
6079,BEL
6080,ENG
6081,POL
6082,ENG
6083,POR
6084,SUI
6085,SUI
6086,ARG
6087,BRA
6088,GER
6089,GER
6090,SUI
6091,ESP
6092,GER
6093,ESP
6094,ARG
6095,ESP
6096,GER
6097,GER
6098,ESP
6099,SUI
6100,BRA
6101,ARG
6102,POR
6103,ARG
6104,BEL
6105,ARG
6106,ARG
6107,BRA
6108,ENG
6109,CRO
6110,ESP
6111,FRA
6112,GER
6113,ESP
6114,ARG
6115,POR
6116,ENG
6117,GER
6118,ENG
6119,ARG
6120,ENG
6121,ESP
6122,ARG
6123,BRA
6124,ARG
6125,ARG
6126,ESP
6127,POR
6128,BEL
6129,CRO
6130,BRA
6131,BEL
6132,ENG
6133,ENG
6134,POR
6135,GER
6136,SEN
6137,BRA
6138,SUI
6139,GER
6140,URU
6141,BRA
6142,BEL
6143,FRA
6144,ENG
6145,BEL
6146,NGA
6147,BRA
6148,POR
6149,POR
6150,POR
6151,EGY
6152,GER
6153,POR
6154,ENG
6155,BRA
6156,ENG
6157,CRO
6158,POR
6159,POR
6160,BRA
6161,SUI
6162,SUI
6163,FRA
6164,GER
6165,MEX
6166,ESP
6167,DEN
6168,COL
6169,DEN
6170,BEL
6171,ARG
6172,ARG
6173,ENG
6174,RUS
6175,ARG
6176,ESP
6177,GER
6178,ESP
6179,BRA
6180,BEL
6181,ENG
6182,BRA
6183,GER
6184,GER
6185,BRA
6186,ENG
6187,SUI
6188,BRA
6189,SRB
6190,ESP
6191,POR
6192,ENG
6193,ARG
6194,FRA
6195,ARG
6196,POR
6197,ARG
6198,BRA
6199,POR
6200,URU
6201,BRA
6202,DEN
6203,ARG
6204,ARG
6205,DEN
6206,FRA
6207,ESP
6208,POR
6209,GER
6210,BEL
6211,POL
6212,BEL
6213,COL
6214,GER
6215,GER
6216,SEN
6217,POR
6218,BRA
6219,RUS
6220,BRA
6221,GER
6222,FRA
6223,ESP
6224,ESP
6225,DEN
6226,POR
6227,BRA
6228,ENG
6229,POR
6230,BRA
6231,ARG
6232,RUS
6233,CRO
6234,CRO
6235,BRA
6236,GER
6237,POR
6238,ENG
6239,CRO
6240,ENG
6241,SUI
6242,ENG
6243,ARG
6244,BRA
6245,ARG
6246,POR
6247,FRA
6248,ESP
6249,BEL
6250,RUS
6251,GER
6252,GER
6253,BRA
6254,BRA
6255,POR
6256,BEL
6257,BRA
6258,POL
6259,BRA
6260,FRA
6261,FRA
6262,POR
6263,MEX
6264,CRO
6265,COL
6266,BRA
6267,BRA
6268,BRA
6269,RUS
6270,SUI
6271,ARG
6272,ARG
6273,ENG
6274,ARG
6275,FRA
6276,ESP
6277,BRA
6278,FRA
6279,ESP
6280,JPN
6281,GER
6282,ESP
6283,ENG
6284,ARG
6285,ESP
6286,ESP
6287,BEL
6288,TUN
6289,POR
6290,FRA
6291,BRA
6292,ARG
6293,SWE
6294,ENG
6295,ARG
6296,FRA
6297,ESP
6298,URU
6299,ESP
6300,BRA
6301,RUS
6302,SRB
6303,POR
6304,ARG
6305,KOR
6306,GER
6307,POR
6308,BRA
6309,BEL
6310,BRA
6311,POR
6312,POR
6313,RUS
6314,FRA
6315,ESP
6316,SRB
6317,SUI
6318,BRA
6319,GER
6320,BRA
6321,BEL
6322,SWE
6323,POR
6324,KOR
6325,POR
6326,BRA
6327,ARG
6328,ESP
6329,ARG
6330,BRA
6331,ESP
6332,BEL
6333,ENG
6334,ESP
6335,ENG
6336,ENG
6337,ESP
6338,GER
6339,CRO
6340,POR
6341,ARG
6342,ESP
6343,BEL
6344,BRA
6345,RUS
6346,GER
6347,ESP
6348,POR
6349,ARG
6350,SUI
6351,JPN
6352,ARG
6353,GER
6354,KOR
6355,GER
6356,ENG
6357,JPN
6358,ARG
6359,GER
6360,ARG
6361,COL
6362,ENG
6363,ESP
6364,ENG
6365,ENG
6366,ARG
6367,BRA
6368,ARG
6369,ARG
6370,ARG
6371,POR
6372,ESP
6373,ESP
6374,DEN
6375,BEL
6376,BRA
6377,SEN
6378,BEL
6379,ARG
6380,ARG
6381,FRA
6382,MEX
6383,ARG
6384,BEL
6385,BRA
6386,BRA
6387,RUS
6388,BRA
6389,GER
6390,ESP
6391,BRA
6392,ESP
6393,BRA
6394,BRA
6395,POR
6396,SUI
6397,RUS
6398,BEL
6399,POR
6400,FRA
6401,SUI
6402,GER
6403,ARG
6404,POR
6405,BEL
6406,ARG
6407,CRO
6408,POR
6409,DEN
6410,ARG
6411,BEL
6412,GER
6413,ENG
6414,SRB
6415,BRA
6416,GER
6417,ESP
6418,ARG
6419,ENG
6420,ARG
6421,FRA
6422,ENG
6423,ESP
6424,SUI
6425,ESP
6426,POR
6427,ESP
6428,ENG
6429,ESP
6430,BEL
6431,SRB
6432,GER
6433,BRA
6434,ESP
6435,KSA
6436,ESP
6437,POR
6438,GER
6439,ARG
6440,DEN
6441,ARG
6442,ARG
6443,ARG
6444,ESP
6445,RUS
6446,COL
6447,ESP
6448,ARG
6449,POR
6450,RUS
6451,BEL
6452,FRA
6453,BRA
6454,ENG
6455,POR
6456,FRA
6457,BRA
6458,ARG
6459,ESP
6460,ESP
6461,POR
6462,ENG
6463,BEL
6464,BRA
6465,FRA
6466,BRA
6467,RUS
6468,POR
6469,POR
6470,ENG
6471,ESP
6472,ENG
6473,POL
6474,ENG
6475,ESP
6476,ESP
6477,BRA
6478,BRA
6479,ARG
6480,ENG
6481,GER
6482,SUI
6483,ESP
6484,ARG
6485,SUI
6486,ARG
6487,CRO
6488,BRA
6489,COL
6490,ENG
6491,COL
6492,BRA
6493,COL
6494,ENG
6495,POR
6496,RUS
6497,ESP
6498,COL
6499,ESP
6500,SUI
6501,CRO
6502,ARG
6503,BRA
6504,GER
6505,POR
6506,DEN
6507,GER
6508,POR
6509,JPN
6510,FRA
6511,ARG
6512,GER
6513,FRA
6514,BRA
6515,DEN
6516,ESP
6517,ARG
6518,ENG
6519,ARG
6520,BEL
6521,GER
6522,ESP
6523,ARG
6524,RUS
6525,ARG
6526,URU
6527,BRA
6528,ESP
6529,POR
6530,ESP
6531,CRO
6532,ARG
6533,ESP
6534,ARG
6535,POR
6536,ENG
6537,GER
6538,POR
6539,GER
6540,ARG
6541,GER
6542,NGA
6543,FRA
6544,POR
6545,JPN
6546,ESP
6547,BRA
6548,ENG
6549,BEL
6550,RUS
6551,BRA
6552,ARG
6553,POL
6554,ESP
6555,GER
6556,GER
6557,BRA
6558,FRA
6559,BRA
6560,BRA
6561,ARG
6562,ESP
6563,ENG
6564,CRO
6565,BEL
6566,GER
6567,BRA
6568,ESP
6569,RUS
6570,ARG
6571,ENG
6572,FRA
6573,RUS
6574,POR
6575,COL
6576,BRA
6577,TUN
6578,RUS
6579,CRO
6580,BEL
6581,BEL
6582,CRO
6583,IRN
6584,BRA
6585,GER
6586,ESP
6587,ARG
6588,FRA
6589,BRA
6590,FRA
6591,RUS
6592,GER
6593,SWE
6594,ESP
6595,RUS
6596,FRA
6597,SWE
6598,ENG
6599,BRA
6600,ARG
6601,BEL
6602,DEN
6603,SRB
6604,BRA
6605,ARG
6606,BEL
6607,GER
6608,MEX
6609,POR
6610,CRO
6611,ENG
6612,COL
6613,BRA
6614,POR
6615,SRB
6616,POR
6617,BRA
6618,FRA
6619,FRA
6620,ESP
6621,ARG
6622,ENG
6623,BRA
6624,FRA
6625,ARG
6626,RUS
6627,ENG
6628,ESP
6629,BEL
6630,ESP
6631,ESP
6632,ARG
6633,BRA
6634,FRA
6635,BRA
6636,BEL
6637,ESP
6638,ENG
6639,BRA
6640,BRA
6641,GER
6642,BRA
6643,ESP
6644,CRO
6645,CRO
6646,FRA
6647,FRA
6648,ARG
6649,BRA
6650,ESP
6651,GER
6652,SUI
6653,FRA
6654,BRA
6655,BRA
6656,ENG
6657,CRO
6658,ENG
6659,ENG
6660,BRA
6661,ESP
6662,ESP
6663,ARG
6664,ENG
6665,BRA
6666,SUI
6667,BRA
6668,ESP
6669,ARG
6670,ENG
6671,BRA
6672,RUS
6673,SUI
6674,RUS
6675,ESP
6676,RUS
6677,ESP
6678,ENG
6679,ESP
6680,ENG
6681,ARG
6682,ARG
6683,ENG
6684,ARG
6685,ENG
6686,RUS
6687,BEL
6688,ENG
6689,BRA
6690,ARG
6691,ENG
6692,ENG
6693,FRA
6694,RUS
6695,ARG
6696,GER
6697,KOR
6698,ESP
6699,GER
6700,ESP
6701,DEN
6702,ESP
6703,RUS
6704,BRA
6705,BRA
6706,SRB
6707,SWE
6708,GER
6709,FRA
6710,GER
6711,RUS
6712,SUI
6713,BEL
6714,ESP
6715,ESP
6716,ESP
6717,ARG
6718,POR
6719,COL
6720,GER
6721,URU
6722,BRA
6723,ARG
6724,ESP
6725,ESP
6726,SUI
6727,ARG
6728,ESP
6729,POR
6730,RUS
6731,GER
6732,ESP
6733,JPN
6734,POL
6735,CRO
6736,BRA
6737,ENG
6738,POR
6739,POR
6740,POR
6741,BEL
6742,ARG
6743,ARG
6744,BEL
6745,ESP
6746,RUS
6747,ENG
6748,RUS
6749,POR
6750,ENG
6751,ARG
6752,FRA
6753,BRA
6754,CRO
6755,POR
6756,ARG
6757,SUI
6758,ESP
6759,SUI
6760,POR
6761,ARG
6762,FRA
6763,SUI
6764,POR
6765,ESP
6766,ARG
6767,FRA
6768,NGA
6769,ARG
6770,FRA
6771,ARG
6772,BRA
6773,EGY
6774,ESP
6775,ESP
6776,FRA
6777,CRO
6778,POR
6779,ARG
6780,RUS
6781,FRA
6782,ARG
6783,BRA
6784,POR
6785,ESP
6786,POR
6787,ARG
6788,GER
6789,SUI
6790,JPN
6791,GER
6792,GER
6793,ARG
6794,ENG
6795,ARG
6796,ARG
6797,ARG
6798,BRA
6799,RUS
6800,ARG
6801,GER
6802,GER
6803,ARG
6804,SUI
6805,CRO
6806,POR
6807,SEN
6808,POR
6809,POR
6810,ARG
6811,SRB
6812,BEL
6813,ENG
6814,ARG
6815,ESP
6816,ENG
6817,GER
6818,BRA
6819,CRO
6820,ENG
6821,ARG
6822,BRA
6823,ENG
6824,ESP
6825,POR
6826,SUI
6827,SRB
6828,FRA
6829,CRO
6830,ARG
6831,POR
6832,GER
6833,MEX
6834,FRA
6835,ARG
6836,URU
6837,FRA
6838,BEL
6839,FRA
6840,ESP
6841,BRA
6842,ARG
6843,ARG
6844,CRC
6845,CRO
6846,BRA
6847,BRA
6848,CRO
6849,ENG
6850,RUS
6851,ARG
6852,RUS
6853,ARG
6854,BRA
6855,ENG
6856,GER
6857,FRA
6858,GER
6859,COL
6860,BRA
6861,SUI
6862,CRC
6863,GER
6864,BRA
6865,ARG
6866,ESP
6867,RUS
6868,GER
6869,FRA
6870,POR
6871,ENG
6872,ENG
6873,ARG
6874,SUI
6875,ENG
6876,ARG
6877,SRB
6878,POR
6879,BRA
6880,ARG
6881,BRA
6882,ESP
6883,MEX
6884,ESP
6885,BEL
6886,SUI
6887,SUI
6888,ARG
6889,GER
6890,ENG
6891,BRA
6892,SRB
6893,BEL
6894,BRA
6895,POR
6896,GER
6897,FRA
6898,FRA
6899,BRA
6900,FRA
6901,BEL
6902,BRA
6903,GER
6904,ENG
6905,RUS
6906,BRA
6907,ESP
6908,GER
6909,ENG
6910,BRA
6911,FRA
6912,BRA
6913,ARG
6914,KOR
6915,BRA
6916,POR
6917,SRB
6918,SUI
6919,GER
6920,SUI
6921,SWE
6922,GER
6923,COL
6924,ARG
6925,ARG
6926,URU
6927,ESP
6928,RUS
6929,RUS
6930,URU
6931,ARG
6932,BRA
6933,POR
6934,BRA
6935,ESP
6936,BRA
6937,ENG
6938,RUS
6939,GER
6940,FRA
6941,GER
6942,RUS
6943,JPN
6944,GER
6945,BEL
6946,FRA
6947,BEL
6948,ARG
6949,ESP
6950,SRB
6951,FRA
6952,ARG
6953,MEX
6954,ESP
6955,ESP
6956,BRA
6957,SUI
6958,JPN
6959,BRA
6960,BEL
6961,BRA
6962,BRA
6963,ARG
6964,POR
6965,SUI
6966,ESP
6967,ARG
6968,RUS
6969,ESP
6970,POR
6971,ESP
6972,ENG
6973,ENG
6974,POR
6975,KOR
6976,FRA
6977,ESP
6978,BRA
6979,ENG
6980,ENG
6981,FRA
6982,RUS
6983,GER
6984,ESP
6985,ARG
6986,SUI
6987,GER
6988,BRA
6989,BEL
6990,ENG
6991,ARG
6992,ESP
6993,ARG
6994,BEL
6995,URU
6996,ESP
6997,ESP
6998,BRA
6999,BRA
7000,FRA
7001,JPN
7002,BRA
7003,POR
7004,COL
7005,ENG
7006,GER
7007,BRA
7008,BEL
7009,JPN
7010,ARG
7011,ENG
7012,SUI
7013,ARG
7014,ESP
7015,FRA
7016,BRA
7017,POR
7018,FRA
7019,GER
7020,GER
7021,ESP
7022,ARG
7023,ENG
7024,SRB
7025,ARG
7026,KOR
7027,POR
7028,SUI
7029,BEL
7030,SUI
7031,FRA
7032,SUI
7033,POR
7034,POR
7035,ARG
7036,POR
7037,ARG
7038,ENG
7039,FRA
7040,FRA
7041,GER
7042,ESP
7043,ARG
7044,FRA
7045,ENG
7046,BRA
7047,ARG
7048,ESP
7049,IRN
7050,BEL
7051,POL
7052,GER
7053,BRA
7054,POL
7055,KOR
7056,ENG
7057,BRA
7058,ESP
7059,POR
7060,RUS
7061,ENG
7062,BRA
7063,POL
7064,RUS
7065,BEL
7066,JPN
7067,DEN
7068,FRA
7069,GER
7070,ENG
7071,BEL
7072,FRA
7073,ARG
7074,FRA
7075,DEN
7076,DEN
7077,BRA
7078,BRA
7079,ARG
7080,ARG
7081,BEL
7082,ESP
7083,BRA
7084,DEN
7085,ESP
7086,POR
7087,ENG
7088,ARG
7089,ESP
7090,BRA
7091,BRA
7092,FRA
7093,ENG
7094,FRA
7095,BRA
7096,FRA
7097,GER
7098,ESP
7099,FRA
7100,BRA
7101,CRC
7102,CRO
7103,POR
7104,FRA
7105,POR
7106,BRA
7107,POR
7108,ENG
7109,ENG
7110,ARG
7111,POR
7112,FRA
7113,BRA
7114,BEL
7115,ENG
7116,ESP
7117,ESP
7118,BRA
7119,SRB
7120,BRA
7121,ARG
7122,BRA
7123,BRA
7124,ESP
7125,POR
7126,RUS
7127,CRO
7128,ARG
7129,MEX
7130,BRA
7131,BRA
7132,POR
7133,ENG
7134,ESP
7135,CRO
7136,BRA
7137,BRA
7138,BRA
7139,SWE
7140,NGA
7141,BRA
7142,KOR
7143,CRO
7144,FRA
7145,CRO
7146,ESP
7147,ARG
7148,ESP
7149,ESP
7150,BRA
7151,FRA
7152,ARG
7153,RUS
7154,POR
7155,BRA
7156,ESP
7157,ESP
7158,ENG
7159,NGA
7160,RUS
7161,BRA
7162,ENG
7163,BEL
7164,ENG
7165,ESP
7166,GER
7167,BRA
7168,ARG
7169,BRA
7170,BRA
7171,GER
7172,BRA
7173,ENG
7174,POR
7175,FRA
7176,ENG
7177,GER
7178,POL
7179,ESP
7180,RUS
7181,GER
7182,ENG
7183,BRA
7184,ESP
7185,BRA
7186,POR
7187,BRA
7188,BRA
7189,BRA
7190,GER
7191,BRA
7192,ESP
7193,ESP
7194,POR
7195,FRA
7196,BRA
7197,ARG
7198,ESP
7199,FRA
7200,POR
7201,ENG
7202,GER
7203,BRA
7204,ENG
7205,BEL
7206,URU
7207,BRA
7208,ENG
7209,BRA
7210,CRO
7211,SUI
7212,GER
7213,SUI
7214,ESP
7215,ARG
7216,BRA
7217,SUI
7218,ARG
7219,FRA
7220,ENG
7221,GER
7222,POR
7223,BRA
7224,RUS
7225,CRO
7226,ESP
7227,CRO
7228,ENG
7229,ESP
7230,FRA
7231,SWE
7232,COL
7233,FRA
7234,POR
7235,ARG
7236,GER
7237,POR
7238,FRA
7239,POR
7240,COL
7241,SUI
7242,ENG
7243,POR
7244,ESP
7245,BRA
7246,BRA
7247,ENG
7248,ENG
7249,BRA
7250,POR
7251,POR
7252,POR
7253,CRO
7254,FRA
7255,GER
7256,ESP
7257,COL
7258,ARG
7259,POL
7260,BEL
7261,BRA
7262,ENG
7263,SUI
7264,BRA
7265,BRA
7266,ARG
7267,RUS
7268,POR
7269,BRA
7270,FRA
7271,ENG
7272,BRA
7273,ESP
7274,BRA
7275,BEL
7276,POR
7277,BEL
7278,BRA
7279,GER
7280,ARG
7281,BRA
7282,RUS
7283,POR
7284,POR
7285,BRA
7286,FRA
7287,ARG
7288,FRA
7289,GER
7290,GER
7291,ESP
7292,POR
7293,ENG
7294,BRA
7295,GER
7296,ARG
7297,ARG
7298,ENG
7299,ARG
7300,ARG
7301,BRA
7302,SUI
7303,RUS
7304,ESP
7305,ENG
7306,ESP
7307,BRA
7308,POR
7309,CRO
7310,POR
7311,GER
7312,ARG
7313,BEL
7314,SUI
7315,BRA
7316,ARG
7317,BRA
7318,CRO
7319,BRA
7320,ENG
7321,FRA
7322,ENG
7323,POR
7324,ENG
7325,ENG
7326,GER
7327,BRA
7328,SUI
7329,ARG
7330,ESP
7331,GER
7332,POR
7333,RUS
7334,POR
7335,GER
7336,POL
7337,CRO
7338,ARG
7339,BRA
7340,BRA
7341,SUI
7342,BRA
7343,ARG
7344,ARG
7345,BRA
7346,POR
7347,ESP
7348,CRO
7349,ARG
7350,ESP
7351,ARG
7352,ARG
7353,DEN
7354,BRA
7355,SUI
7356,BEL
7357,POR
7358,ENG
7359,BRA
7360,BEL
7361,BRA
7362,RUS
7363,FRA
7364,SUI
7365,GER
7366,POR
7367,RUS
7368,BRA
7369,POR
7370,FRA
7371,FRA
7372,FRA
7373,POR
7374,COL
7375,ESP
7376,BRA
7377,CRO
7378,ESP
7379,POR
7380,GER
7381,ENG
7382,ENG
7383,ARG
7384,BRA
7385,ARG
7386,GER
7387,POL
7388,ENG
7389,BRA
7390,SWE
7391,GER
7392,ARG
7393,GER
7394,POR
7395,ESP
7396,FRA
7397,GER
7398,SRB
7399,KOR
7400,ARG
7401,ESP
7402,SUI
7403,POR
7404,BEL
7405,FRA
7406,FRA
7407,GER
7408,BEL
7409,ARG
7410,FRA
7411,ARG
7412,CRO
7413,ARG
7414,URU
7415,ENG
7416,FRA
7417,BEL
7418,SUI
7419,ENG
7420,ENG
7421,RUS
7422,ARG
7423,ESP
7424,FRA
7425,BRA
7426,ESP
7427,ARG
7428,ENG
7429,SUI
7430,CRO
7431,RUS
7432,ENG
7433,POR
7434,POL
7435,ESP
7436,ESP
7437,ESP
7438,GER
7439,BRA
7440,ARG
7441,FRA
7442,BRA
7443,ENG
7444,ARG
7445,CRO
7446,POR
7447,ESP
7448,SUI
7449,SRB
7450,ARG
7451,POR
7452,ENG
7453,BEL
7454,ENG
7455,ESP
7456,ARG
7457,ARG
7458,CRO
7459,RUS
7460,ARG
7461,CRO
7462,BRA
7463,DEN
7464,SUI
7465,ENG
7466,ENG
7467,ESP
7468,ARG
7469,GER
7470,POL
7471,POR
7472,ESP
7473,ARG
7474,SUI
7475,GER
7476,FRA
7477,POR
7478,BEL
7479,POR
7480,ARG
7481,GER
7482,ARG
7483,GER
7484,BRA
7485,BRA
7486,ARG
7487,POR
7488,RUS
7489,FRA
7490,FRA
7491,BEL
7492,RUS
7493,BRA
7494,SUI
7495,GER
7496,POR
7497,ESP
7498,RUS
7499,BRA
7500,POR
7501,ESP
7502,CRO
7503,CRO
7504,ESP
7505,ENG
7506,ARG
7507,RUS
7508,POL
7509,ENG
7510,ESP
7511,SUI
7512,GER
7513,BRA
7514,RUS
7515,ARG
7516,ESP
7517,BRA
7518,RUS
7519,POR
7520,BRA
7521,BRA
7522,BRA
7523,ARG
7524,ARG
7525,BRA
7526,GER
7527,ARG
7528,BEL
7529,ESP
7530,ENG
7531,BEL
7532,POR
7533,BEL
7534,CRO
7535,GER
7536,ESP
7537,JPN
7538,RUS
7539,SUI
7540,BRA
7541,ARG
7542,BRA
7543,RUS
7544,ENG
7545,ARG
7546,ARG
7547,ENG
7548,FRA
7549,SUI
7550,ARG
7551,ARG
7552,BRA
7553,BRA
7554,ENG
7555,ARG
7556,SRB
7557,ENG
7558,POL
7559,BRA
7560,FRA
7561,ESP
7562,ARG
7563,URU
7564,GER
7565,ESP
7566,BRA
7567,ESP
7568,ARG
7569,FRA
7570,ARG
7571,FRA
7572,ENG
7573,ENG
7574,ARG
7575,GER
7576,FRA
7577,ENG
7578,GER
7579,URU
7580,ARG
7581,BEL
7582,MAR
7583,ESP
7584,FRA
7585,GER
7586,GER
7587,ESP
7588,ENG
7589,POR
7590,GER
7591,ENG
7592,GER
7593,BRA
7594,BRA
7595,FRA
7596,ENG
7597,CRO
7598,ARG
7599,RUS
7600,ARG
7601,MEX
7602,ENG
7603,BRA
7604,DEN
7605,ENG
7606,GER
7607,FRA
7608,BRA
7609,GER
7610,ESP
7611,BRA
7612,GER
7613,BRA
7614,ESP
7615,ARG
7616,BRA
7617,POR
7618,ARG
7619,GER
7620,ESP
7621,MEX
7622,BRA
7623,BRA
7624,SUI
7625,ENG
7626,GER
7627,BRA
7628,URU
7629,BEL
7630,SUI
7631,RUS
7632,ARG
7633,GER
7634,CRO
7635,BRA
7636,RUS
7637,GER
7638,SUI
7639,BRA
7640,ENG
7641,SWE
7642,COL
7643,ESP
7644,ARG
7645,GER
7646,CRO
7647,BEL
7648,ARG
7649,POR
7650,ARG
7651,SUI
7652,MEX
7653,ARG
7654,SUI
7655,RUS
7656,BRA
7657,ARG
7658,GER
7659,ENG
7660,ARG
7661,BEL
7662,GER
7663,MEX
7664,RUS
7665,BEL
7666,POL
7667,ARG
7668,POR
7669,GER
7670,GER
7671,POR
7672,GER
7673,ENG
7674,POR
7675,ESP
7676,POR
7677,ARG
7678,ENG
7679,CRO
7680,ENG
7681,ESP
7682,SRB
7683,ENG
7684,BRA
7685,ARG
7686,BRA
7687,BEL
7688,CRO
7689,POR
7690,CRO
7691,CRO
7692,GER
7693,FRA
7694,ESP
7695,GER
7696,GER
7697,GER
7698,POR
7699,BEL
7700,ARG
7701,BRA
7702,ARG
7703,ARG
7704,KOR
7705,ARG
7706,GER
7707,POR
7708,SUI
7709,RUS
7710,CRC
7711,GER
7712,EGY
7713,JPN
7714,DEN
7715,ARG
7716,ENG
7717,BEL
7718,BRA
7719,JPN
7720,POR
7721,FRA
7722,ARG
7723,KOR
7724,POR
7725,ARG
7726,ARG
7727,GER
7728,GER
7729,FRA
7730,GER
7731,RUS
7732,BRA
7733,ENG
7734,ENG
7735,ENG
7736,BEL
7737,BRA
7738,SWE
7739,ARG
7740,KOR
7741,POR
7742,POR
7743,COL
7744,MAR
7745,ESP
7746,ESP
7747,ARG
7748,FRA
7749,GER
7750,POR
7751,BRA
7752,ENG
7753,ENG
7754,ENG
7755,ARG
7756,GER
7757,POR
7758,BEL
7759,CRO
7760,GER
7761,BEL
7762,URU
7763,RUS
7764,BEL
7765,POR
7766,BRA
7767,FRA
7768,ARG
7769,URU
7770,FRA
7771,SUI
7772,ENG
7773,SUI
7774,SUI
7775,SWE
7776,BRA
7777,BRA
7778,BRA
7779,ARG
7780,ARG
7781,ARG
7782,ARG
7783,ESP
7784,ENG
7785,POR
7786,ENG
7787,ARG
7788,FRA
7789,ARG
7790,BRA
7791,BRA
7792,GER
7793,BRA
7794,CRC
7795,ESP
7796,BRA
7797,ARG
7798,MEX
7799,FRA
7800,SUI
7801,ARG
7802,ARG
7803,POR
7804,POL
7805,BRA
7806,ESP
7807,BRA
7808,BEL
7809,GER
7810,ESP
7811,POR
7812,ARG
7813,ESP
7814,POR
7815,ESP
7816,POR
7817,ESP
7818,ENG
7819,BEL
7820,RUS
7821,BRA
7822,GER
7823,POR
7824,CRC
7825,BRA
7826,GER
7827,IRN
7828,BRA
7829,BRA
7830,POR
7831,POR
7832,BRA
7833,BRA
7834,ESP
7835,ARG
7836,ARG
7837,MEX
7838,BEL
7839,ENG
7840,ARG
7841,ENG
7842,BRA
7843,SWE
7844,BRA
7845,ESP
7846,BRA
7847,BRA
7848,SUI
7849,POR
7850,ENG
7851,ENG
7852,ARG
7853,GER
7854,FRA
7855,JPN
7856,GER
7857,CRO
7858,BRA
7859,SRB
7860,FRA
7861,ESP
7862,KOR
7863,BRA
7864,BRA
7865,ENG
7866,DEN
7867,SUI
7868,CRO
7869,ESP
7870,BEL
7871,ENG
7872,RUS
7873,GER
7874,BRA
7875,ARG
7876,ENG
7877,FRA
7878,FRA
7879,BRA
7880,GER
7881,POR
7882,ENG
7883,FRA
7884,ESP
7885,POR
7886,ARG
7887,ESP
7888,FRA
7889,ARG
7890,SRB
7891,ARG
7892,ARG
7893,POR
7894,BEL
7895,ENG
7896,ARG
7897,FRA
7898,ARG
7899,GER
7900,DEN
7901,GER
7902,GER
7903,BRA
7904,BEL
7905,FRA
7906,BEL
7907,GER
7908,ARG
7909,ARG
7910,GER
7911,KOR
7912,BRA
7913,POR
7914,POR
7915,ENG
7916,TUN
7917,ARG
7918,GER
7919,BEL
7920,ARG
7921,BRA
7922,POL
7923,BRA
7924,POR
7925,ESP
7926,POR
7927,SWE
7928,ARG
7929,BEL
7930,ARG
7931,CRO
7932,ESP
7933,ARG
7934,FRA
7935,FRA
7936,ESP
7937,ESP
7938,BEL
7939,GER
7940,CRO
7941,BRA
7942,GER
7943,GER
7944,BRA
7945,POL
7946,ESP
7947,ARG
7948,ESP
7949,ARG
7950,BEL
7951,BRA
7952,POR
7953,POR
7954,KOR
7955,GER
7956,ENG
7957,BEL
7958,ARG
7959,GER
7960,GER
7961,ARG
7962,BEL
7963,BRA
7964,ESP
7965,ENG
7966,CRO
7967,POR
7968,ENG
7969,COL
7970,ARG
7971,BRA
7972,ARG
7973,BRA
7974,BRA
7975,BRA
7976,POR
7977,BRA
7978,ENG
7979,BRA
7980,POR
7981,ESP
7982,POR
7983,FRA
7984,POR
7985,RUS
7986,ARG
7987,JPN
7988,FRA
7989,ENG
7990,POR
7991,BRA
7992,ENG
7993,ARG
7994,ENG
7995,MEX
7996,ARG
7997,BRA
7998,RUS
7999,RUS
8000,ARG
8001,RUS
8002,GER
8003,FRA
8004,BEL
8005,ESP
8006,URU
8007,RUS
8008,FRA
8009,ENG
8010,FRA
8011,GER
8012,FRA
8013,FRA
8014,BEL
8015,GER
8016,SUI
8017,SUI
8018,FRA
8019,ARG
8020,FRA
8021,GER
8022,FRA
8023,ESP
8024,FRA
8025,BRA
8026,ENG
8027,ARG
8028,BRA
8029,ENG
8030,ARG
8031,POR
8032,MEX
8033,BEL
8034,SWE
8035,COL
8036,SUI
8037,ARG
8038,GER
8039,BRA
8040,RUS
8041,ESP
8042,BRA
8043,POR
8044,ARG
8045,ESP
8046,ENG
8047,BRA
8048,BRA
8049,ARG
8050,COL
8051,ARG
8052,POR
8053,SWE
8054,ENG
8055,ARG
8056,ESP
8057,KSA
8058,BRA
8059,ARG
8060,BEL
8061,ARG
8062,POR
8063,CRO
8064,FRA
8065,BEL
8066,FRA
8067,CRO
8068,BRA
8069,ENG
8070,BRA
8071,ENG
8072,BRA
8073,RUS
8074,POR
8075,BRA
8076,ENG
8077,POR
8078,BRA
8079,CRO
8080,ESP
8081,POR
8082,ARG
8083,ENG
8084,BRA
8085,ESP
8086,BRA
8087,SUI
8088,SWE
8089,ESP
8090,BEL
8091,CRO
8092,ENG
8093,ESP
8094,ESP
8095,FRA
8096,ENG
8097,ARG
8098,POR
8099,POR
8100,URU
8101,JPN
8102,BEL
8103,ESP
8104,BEL
8105,FRA
8106,POR
8107,MEX
8108,CRO
8109,ESP
8110,ESP
8111,BRA
8112,ESP
8113,POR
8114,RUS
8115,POR
8116,ESP
8117,ARG
8118,URU
8119,RUS
8120,FRA
8121,ENG
8122,CRO
8123,FRA
8124,BRA
8125,ARG
8126,SUI
8127,BRA
8128,TUN
8129,ARG
8130,ARG
8131,EGY
8132,GER
8133,FRA
8134,BRA
8135,ARG
8136,ESP
8137,ENG
8138,SUI
8139,ARG
8140,BEL
8141,SUI
8142,POR
8143,FRA
8144,BRA
8145,ESP
8146,GER
8147,ESP
8148,GER
8149,FRA
8150,POR
8151,ARG
8152,FRA
8153,FRA
8154,ESP
8155,CRO
8156,BEL
8157,ESP
8158,ESP
8159,POR
8160,GER
8161,MEX
8162,BRA
8163,SRB
8164,GER
8165,ARG
8166,POR
8167,FRA
8168,ARG
8169,BEL
8170,RUS
8171,BRA
8172,SRB
8173,GER
8174,POR
8175,ESP
8176,ENG
8177,ESP
8178,BRA
8179,ENG
8180,GER
8181,SWE
8182,GER
8183,POR
8184,ARG
8185,CRO
8186,BEL
8187,NGA
8188,RUS
8189,FRA
8190,ESP
8191,ENG
8192,RUS
8193,FRA
8194,MEX
8195,BRA
8196,EGY
8197,POR
8198,ENG
8199,ESP
8200,KOR
8201,ESP
8202,ARG
8203,SWE
8204,ENG
8205,BRA
8206,BRA
8207,BRA
8208,ARG
8209,ESP
8210,ARG
8211,RUS
8212,JPN
8213,POR
8214,GER
8215,POR
8216,CRC
8217,ARG
8218,POR
8219,ENG
8220,ENG
8221,GER
8222,ENG
8223,URU
8224,ESP
8225,POR
8226,GER
8227,GER
8228,ARG
8229,ARG
8230,POR
8231,MEX
8232,POR
8233,BRA
8234,ARG
8235,BRA
8236,ARG
8237,RUS
8238,BEL
8239,POR
8240,ARG
8241,SRB
8242,ESP
8243,KSA
8244,ARG
8245,ENG
8246,PAN
8247,POR
8248,ARG
8249,SUI
8250,ENG
8251,ARG
8252,ESP
8253,ESP
8254,ARG
8255,CRO
8256,RUS
8257,ENG
8258,POR
8259,GER
8260,POR
8261,BRA
8262,BEL
8263,ESP
8264,RUS
8265,ENG
8266,SUI
8267,GER
8268,ARG
8269,POR
8270,MEX
8271,ARG
8272,ENG
8273,BRA
8274,ESP
8275,COL
8276,SUI
8277,FRA
8278,COL
8279,ENG
8280,GER
8281,ESP
8282,ESP
8283,ESP
8284,ESP
8285,BRA
8286,FRA
8287,ARG
8288,BRA
8289,RUS
8290,ESP
8291,POL
8292,POR
8293,ESP
8294,POR
8295,FRA
8296,BRA
8297,BRA
8298,POR
8299,JPN
8300,BRA
8301,GER
8302,ARG
8303,ARG
8304,BRA
8305,COL
8306,GER
8307,ENG
8308,ENG
8309,SWE
8310,BRA
8311,DEN
8312,ESP
8313,BRA
8314,FRA
8315,ARG
8316,BRA
8317,POL
8318,JPN
8319,NGA
8320,POR
8321,ENG
8322,ESP
8323,IRN
8324,BEL
8325,SUI
8326,ESP
8327,SUI
8328,FRA
8329,ENG
8330,ARG
8331,GER
8332,POR
8333,FRA
8334,GER
8335,GER
8336,FRA
8337,POR
8338,MEX
8339,ARG
8340,SUI
8341,URU
8342,GER
8343,POR
8344,ESP
8345,COL
8346,GER
8347,ESP
8348,BEL
8349,CRO
8350,ARG
8351,BEL
8352,ESP
8353,BEL
8354,FRA
8355,ARG
8356,ESP
8357,ESP
8358,SUI
8359,BEL
8360,COL
8361,BEL
8362,ARG
8363,ENG
8364,BEL
8365,RUS
8366,BRA
8367,ENG
8368,ESP
8369,ENG
8370,ENG
8371,ESP
8372,ARG
8373,ARG
8374,BEL
8375,ARG
8376,GER
8377,GER
8378,ENG
8379,BRA
8380,GER
8381,BRA
8382,ESP
8383,FRA
8384,GER
8385,ESP
8386,BRA
8387,KOR
8388,BRA
8389,ESP
8390,BEL
8391,CRO
8392,POR
8393,ARG
8394,GER
8395,ESP
8396,ARG
8397,ARG
8398,CRO
8399,ARG
8400,ARG
8401,ARG
8402,FRA
8403,POR
8404,CRO
8405,POR
8406,ARG
8407,ARG
8408,SRB
8409,DEN
8410,BEL
8411,BRA
8412,POR
8413,POR
8414,ESP
8415,COL
8416,ARG
8417,RUS
8418,CRO
8419,POR
8420,ENG
8421,RUS
8422,KOR
8423,RUS
8424,ARG
8425,BRA
8426,ESP
8427,ESP
8428,ESP
8429,ARG
8430,POR
8431,GER
8432,CRO
8433,ARG
8434,BRA
8435,KOR
8436,ARG
8437,POR
8438,BEL
8439,ESP
8440,BRA
8441,ARG
8442,POR
8443,RUS
8444,COL
8445,GER
8446,CRO
8447,SWE
8448,BRA
8449,ARG
8450,ESP
8451,BRA
8452,POR
8453,POR
8454,SRB
8455,POR
8456,GER
8457,POR
8458,ESP
8459,BRA
8460,BRA
8461,ARG
8462,SWE
8463,BRA
8464,RUS
8465,POR
8466,ENG
8467,URU
8468,ARG
8469,ARG
8470,CRO
8471,CRO
8472,ENG
8473,ESP
8474,GER
8475,SUI
8476,GER
8477,ARG
8478,ESP
8479,POR
8480,ARG
8481,ESP
8482,BRA
8483,ESP
8484,ARG
8485,BRA
8486,FRA
8487,SRB
8488,CRO
8489,ENG
8490,POR
8491,GER
8492,ARG
8493,ENG
8494,ENG
8495,ARG
8496,GER
8497,ENG
8498,KOR
8499,POR
8500,ARG
8501,RUS
8502,ENG
8503,BEL
8504,SUI
8505,POR
8506,ARG
8507,SUI
8508,BRA
8509,ARG
8510,ARG
8511,RUS
8512,ENG
8513,ENG
8514,NGA
8515,POR
8516,DEN
8517,BEL
8518,POR
8519,SUI
8520,ARG
8521,ENG
8522,FRA
8523,RUS
8524,GER
8525,BEL
8526,ENG
8527,SRB
8528,FRA
8529,CRO
8530,FRA
8531,ENG
8532,ESP
8533,BRA
8534,COL
8535,ARG
8536,ENG
8537,ARG
8538,BEL
8539,ARG
8540,ESP
8541,POL
8542,GER
8543,URU
8544,ESP
8545,FRA
8546,CRO
8547,FRA
8548,POR
8549,TUN
8550,BRA
8551,FRA
8552,BRA
8553,IRN
8554,ESP
8555,POR
8556,GER
8557,SRB
8558,CRO
8559,JPN
8560,ESP
8561,FRA
8562,FRA
8563,GER
8564,BRA
8565,BRA
8566,ENG
8567,ENG
8568,KSA
8569,POR
8570,RUS
8571,RUS
8572,ESP
8573,ARG
8574,FRA
8575,FRA
8576,ARG
8577,POR
8578,BRA
8579,POR
8580,ENG
8581,POR
8582,FRA
8583,FRA
8584,ESP
8585,GER
8586,BRA
8587,POR
8588,ARG
8589,BRA
8590,MEX
8591,ESP
8592,ENG
8593,FRA
8594,BRA
8595,BRA
8596,BRA
8597,BEL
8598,BRA
8599,CRO
8600,SRB
8601,ESP
8602,BRA
8603,BRA
8604,GER
8605,MAR
8606,RUS
8607,FRA
8608,RUS
8609,POR
8610,COL
8611,BRA
8612,POR
8613,RUS
8614,FRA
8615,GER
8616,ARG
8617,MAR
8618,CRO
8619,FRA
8620,ARG
8621,ENG
8622,POR
8623,BEL
8624,FRA
8625,ESP
8626,ESP
8627,ARG
8628,GER
8629,ENG
8630,BRA
8631,BRA
8632,ENG
8633,GER
8634,BRA
8635,RUS
8636,GER
8637,SUI
8638,ENG
8639,BRA
8640,POR
8641,FRA
8642,ARG
8643,BRA
8644,BRA
8645,KSA
8646,POR
8647,ARG
8648,ARG
8649,ESP
8650,MEX
8651,ESP
8652,BRA
8653,BRA
8654,POR
8655,ESP
8656,COL
8657,ENG
8658,SUI
8659,FRA
8660,BRA
8661,ARG
8662,ARG
8663,POR
8664,SUI
8665,SUI
8666,BRA
8667,ESP
8668,GER
8669,BRA
8670,BRA
8671,ARG
8672,FRA
8673,BEL
8674,GER
8675,FRA
8676,ARG
8677,ESP
8678,ARG
8679,SRB
8680,BRA
8681,ARG
8682,ESP
8683,SUI
8684,FRA
8685,FRA
8686,BEL
8687,POR
8688,CRC
8689,ARG
8690,ARG
8691,BRA
8692,ESP
8693,BRA
8694,ARG
8695,GER
8696,POR
8697,BRA
8698,ESP
8699,CRO
8700,FRA
8701,POR
8702,CRC
8703,POR
8704,BRA
8705,GER
8706,BRA
8707,GER
8708,ARG
8709,RUS
8710,FRA
8711,ENG
8712,SWE
8713,ESP
8714,BEL
8715,POR
8716,ESP
8717,ARG
8718,ARG
8719,JPN
8720,ENG
8721,BRA
8722,ENG
8723,NGA
8724,FRA
8725,BRA
8726,FRA
8727,SUI
8728,BRA
8729,KOR
8730,BEL
8731,ENG
8732,ENG
8733,POR
8734,GER
8735,RUS
8736,BRA
8737,GER
8738,ARG
8739,FRA
8740,POL
8741,BEL
8742,FRA
8743,DEN
8744,RUS
8745,CRO
8746,ARG
8747,BRA
8748,ESP
8749,FRA
8750,ESP
8751,SUI
8752,POR
8753,BRA
8754,SUI
8755,ESP
8756,FRA
8757,ESP
8758,SUI
8759,ESP
8760,CRO
8761,BEL
8762,BEL
8763,SWE
8764,ARG
8765,BRA
8766,BRA
8767,FRA
8768,GER
8769,SUI
8770,BRA
8771,BRA
8772,BRA
8773,FRA
8774,FRA
8775,BRA
8776,ENG
8777,BEL
8778,GER
8779,FRA
8780,ARG
8781,ARG
8782,BRA
8783,BEL
8784,ARG
8785,URU
8786,ENG
8787,POR
8788,GER
8789,ARG
8790,FRA
8791,ARG
8792,GER
8793,FRA
8794,POR
8795,CRO
8796,ARG
8797,RUS
8798,BRA
8799,BEL
8800,FRA
8801,ESP
8802,ARG
8803,DEN
8804,ESP
8805,POR
8806,FRA
8807,RUS
8808,GER
8809,ENG
8810,ENG
8811,BRA
8812,ARG
8813,COL
8814,ENG
8815,POR
8816,BRA
8817,RUS
8818,DEN
8819,RUS
8820,POR
8821,POR
8822,ENG
8823,ARG
8824,ENG
8825,BRA
8826,ESP
8827,BRA
8828,POR
8829,ESP
8830,BEL
8831,ENG
8832,ARG
8833,RUS
8834,ENG
8835,FRA
8836,GER
8837,FRA
8838,BRA
8839,BRA
8840,GER
8841,POR
8842,GER
8843,ARG
8844,ARG
8845,ARG
8846,POL
8847,CRC
8848,POR
8849,RUS
8850,ENG
8851,FRA
8852,ESP
8853,MEX
8854,POR
8855,KOR
8856,ESP
8857,ARG
8858,FRA
8859,ESP
8860,BRA
8861,GER
8862,DEN
8863,FRA
8864,FRA
8865,RUS
8866,ENG
8867,ARG
8868,POR
8869,ENG
8870,URU
8871,GER
8872,ARG
8873,GER
8874,ESP
8875,CRO
8876,POR
8877,ENG
8878,ENG
8879,ENG
8880,ENG
8881,GER
8882,POR
8883,BRA
8884,POR
8885,ENG
8886,SWE
8887,MEX
8888,BEL
8889,FRA
8890,ESP
8891,BRA
8892,ENG
8893,BRA
8894,ARG
8895,POR
8896,GER
8897,BRA
8898,BRA
8899,ESP
8900,URU
8901,BRA
8902,BRA
8903,ESP
8904,GER
8905,ARG
8906,NGA
8907,ENG
8908,BRA
8909,FRA
8910,GER
8911,ESP
8912,BRA
8913,MAR
8914,POR
8915,BEL
8916,RUS
8917,ESP
8918,GER
8919,ENG
8920,ESP
8921,URU
8922,ARG
8923,ARG
8924,COL
8925,ARG
8926,ARG
8927,FRA
8928,GER
8929,ARG
8930,ENG
8931,FRA
8932,ARG
8933,BEL
8934,ESP
8935,ARG
8936,POR
8937,POR
8938,GER
8939,ARG
8940,GER
8941,GER
8942,BRA
8943,BRA
8944,KOR
8945,RUS
8946,ENG
8947,ARG
8948,ESP
8949,ESP
8950,ESP
8951,COL
8952,GER
8953,URU
8954,POR
8955,TUN
8956,ENG
8957,RUS
8958,IRN
8959,GER
8960,BRA
8961,SRB
8962,ENG
8963,CRO
8964,POR
8965,BRA
8966,ARG
8967,NGA
8968,SUI
8969,BRA
8970,ESP
8971,JPN
8972,POL
8973,RUS
8974,SUI
8975,BEL
8976,BRA
8977,ESP
8978,BRA
8979,POL
8980,FRA
8981,ESP
8982,BRA
8983,POL
8984,KOR
8985,ESP
8986,ENG
8987,CRO
8988,ARG
8989,POR
8990,BEL
8991,GER
8992,CRO
8993,SRB
8994,CRO
8995,ARG
8996,POR
8997,GER
8998,ESP
8999,ARG
9000,ENG
9001,RUS
9002,POR
9003,BRA
9004,ARG
9005,ESP
9006,ENG
9007,BRA
9008,GER
9009,ENG
9010,ENG
9011,POR
9012,BEL
9013,ESP
9014,BRA
9015,RUS
9016,BRA
9017,SUI
9018,BRA
9019,GER
9020,FRA
9021,ENG
9022,URU
9023,JPN
9024,BRA
9025,ARG
9026,ENG
9027,FRA
9028,POR
9029,BRA
9030,POR
9031,BRA
9032,ESP
9033,ENG
9034,ARG
9035,MEX
9036,ARG
9037,FRA
9038,BRA
9039,ENG
9040,URU
9041,POR
9042,DEN
9043,ARG
9044,ESP
9045,ENG
9046,TUN
9047,BEL
9048,FRA
9049,RUS
9050,FRA
9051,ESP
9052,FRA
9053,POR
9054,ESP
9055,ENG
9056,POR
9057,ESP
9058,ARG
9059,ENG
9060,ESP
9061,CRO
9062,ENG
9063,ESP
9064,BEL
9065,JPN
9066,BRA
9067,BRA
9068,ARG
9069,ARG
9070,ARG
9071,ARG
9072,BEL
9073,FRA
9074,BEL
9075,ESP
9076,POR
9077,ARG
9078,ARG
9079,ESP
9080,ENG
9081,RUS
9082,FRA
9083,BEL
9084,BRA
9085,FRA
9086,ESP
9087,ESP
9088,BRA
9089,ENG
9090,BRA
9091,POR
9092,ESP
9093,ESP
9094,ESP
9095,POR
9096,ESP
9097,POR
9098,KOR
9099,FRA
9100,ARG
9101,RUS
9102,ENG
9103,ARG
9104,POR
9105,NGA
9106,MEX
9107,ARG
9108,SUI
9109,ARG
9110,POR
9111,ARG
9112,ARG
9113,POR
9114,POR
9115,GER
9116,GER
9117,KOR
9118,BEL
9119,ARG
9120,ARG
9121,ARG
9122,BRA
9123,GER
9124,RUS
9125,BRA
9126,GER
9127,POR
9128,RUS
9129,ARG
9130,BRA
9131,BEL
9132,BEL
9133,RUS
9134,BRA
9135,MEX
9136,RUS
9137,GER
9138,FRA
9139,FRA
9140,POR
9141,ARG
9142,ESP
9143,POL
9144,ENG
9145,ARG
9146,ESP
9147,ESP
9148,BRA
9149,POR
9150,BRA
9151,BEL
9152,ENG
9153,POR
9154,ARG
9155,ARG
9156,ESP
9157,GER
9158,GER
9159,POR
9160,ARG
9161,ARG
9162,ESP
9163,ARG
9164,POR
9165,GER
9166,BRA
9167,ARG
9168,ARG
9169,GER
9170,ESP
9171,POR
9172,FRA
9173,ARG
9174,ENG
9175,COL
9176,ENG
9177,ESP
9178,BEL
9179,ESP
9180,SRB
9181,ESP
9182,ENG
9183,BRA
9184,POR
9185,POR
9186,ARG
9187,POR
9188,ENG
9189,FRA
9190,FRA
9191,MEX
9192,FRA
9193,JPN
9194,POR
9195,BEL
9196,FRA
9197,FRA
9198,ENG
9199,ENG
9200,POR
9201,BEL
9202,RUS
9203,FRA
9204,BEL
9205,SRB
9206,ESP
9207,RUS
9208,BEL
9209,RUS
9210,FRA
9211,FRA
9212,ARG
9213,BEL
9214,ENG
9215,FRA
9216,ENG
9217,SUI
9218,ARG
9219,JPN
9220,ARG
9221,BEL
9222,CRO
9223,GER
9224,SUI
9225,ESP
9226,FRA
9227,FRA
9228,ARG
9229,GER
9230,ESP
9231,COL
9232,BEL
9233,JPN
9234,BRA
9235,BRA
9236,SRB
9237,POR
9238,ESP
9239,FRA
9240,BEL
9241,RUS
9242,GER
9243,GER
9244,BEL
9245,ENG
9246,SWE
9247,URU
9248,ENG
9249,FRA
9250,BEL
9251,ARG
9252,ESP
9253,RUS
9254,ENG
9255,BRA
9256,ENG
9257,FRA
9258,ENG
9259,COL
9260,FRA
9261,RUS
9262,ESP
9263,KOR
9264,POR
9265,ARG
9266,BRA
9267,BRA
9268,ISL
9269,ESP
9270,ENG
9271,ARG
9272,BEL
9273,RUS
9274,SRB
9275,ARG
9276,BEL
9277,ARG
9278,ARG
9279,ESP
9280,ESP
9281,COL
9282,BEL
9283,ARG
9284,ARG
9285,ARG
9286,GER
9287,ESP
9288,POR
9289,FRA
9290,DEN
9291,POR
9292,POR
9293,ARG
9294,GER
9295,ARG
9296,SUI
9297,RUS
9298,RUS
9299,FRA
9300,MEX
9301,FRA
9302,POR
9303,FRA
9304,FRA
9305,KOR
9306,ARG
9307,ESP
9308,ESP
9309,ENG
9310,POR
9311,BRA
9312,BRA
9313,POR
9314,POL
9315,SWE
9316,RUS
9317,ARG
9318,JPN
9319,FRA
9320,ARG
9321,POR
9322,POR
9323,BRA
9324,ESP
9325,BRA
9326,ARG
9327,ENG
9328,ARG
9329,SRB
9330,GER
9331,URU
9332,MEX
9333,CRO
9334,ARG
9335,CRO
9336,ENG
9337,URU
9338,ESP
9339,BRA
9340,CRO
9341,GER
9342,GER
9343,BEL
9344,ENG
9345,CRO
9346,ARG
9347,ESP
9348,ENG
9349,GER
9350,RUS
9351,COL
9352,SUI
9353,ARG
9354,POL
9355,ESP
9356,BEL
9357,GER
9358,ENG
9359,RUS
9360,FRA
9361,MEX
9362,GER
9363,FRA
9364,SRB
9365,ENG
9366,POR
9367,ESP
9368,FRA
9369,FRA
9370,POR
9371,BEL
9372,POR
9373,BRA
9374,ARG
9375,ESP
9376,POR
9377,FRA
9378,POL
9379,BRA
9380,FRA
9381,FRA
9382,GER
9383,BRA
9384,BRA
9385,BRA
9386,ENG
9387,COL
9388,ARG
9389,ESP
9390,CRO
9391,GER
9392,ARG
9393,SUI
9394,ARG
9395,ARG
9396,ARG
9397,MEX
9398,ENG
9399,POR
9400,POL
9401,FRA
9402,BRA
9403,BEL
9404,BEL
9405,FRA
9406,BEL
9407,ARG
9408,FRA
9409,ESP
9410,ESP
9411,SRB
9412,ARG
9413,GER
9414,POL
9415,ENG
9416,NGA
9417,COL
9418,RUS
9419,BEL
9420,ENG
9421,BEL
9422,BRA
9423,GER
9424,RUS
9425,GER
9426,FRA
9427,FRA
9428,BEL
9429,ARG
9430,GER
9431,POL
9432,ARG
9433,FRA
9434,ESP
9435,GER
9436,SUI
9437,ESP
9438,POR
9439,ARG
9440,ARG
9441,COL
9442,BRA
9443,ESP
9444,BRA
9445,BRA
9446,ARG
9447,ARG
9448,CRO
9449,POR
9450,CRO
9451,BRA
9452,BRA
9453,ESP
9454,ESP
9455,ESP
9456,ARG
9457,ARG
9458,POR
9459,BRA
9460,SUI
9461,POR
9462,DEN
9463,BEL
9464,RUS
9465,POL
9466,FRA
9467,BRA
9468,GER
9469,BRA
9470,ARG
9471,ARG
9472,ENG
9473,BRA
9474,URU
9475,RUS
9476,BRA
9477,POR
9478,BRA
9479,URU
9480,ARG
9481,BRA
9482,ARG
9483,ESP
9484,AUS
9485,ENG
9486,FRA
9487,GER
9488,POR
9489,ARG
9490,FRA
9491,SWE
9492,COL
9493,FRA
9494,ESP
9495,ARG
9496,BRA
9497,BRA
9498,GER
9499,ARG
9500,BRA
9501,BRA
9502,ESP
9503,POR
9504,JPN
9505,BRA
9506,BRA
9507,BRA
9508,ENG
9509,FRA
9510,GER
9511,POR
9512,POR
9513,ENG
9514,DEN
9515,FRA
9516,POR
9517,BEL
9518,BRA
9519,BRA
9520,FRA
9521,BEL
9522,AUS
9523,BRA
9524,BRA
9525,BRA
9526,ARG
9527,ARG
9528,BRA
9529,BRA
9530,FRA
9531,POR
9532,ESP
9533,BRA
9534,POR
9535,POR
9536,ENG
9537,FRA
9538,ARG
9539,CRO
9540,POL
9541,ENG
9542,BEL
9543,FRA
9544,CRO
9545,POR
9546,BRA
9547,ENG
9548,ESP
9549,POL
9550,ARG
9551,DEN
9552,RUS
9553,BRA
9554,RUS
9555,BRA
9556,NGA
9557,POR
9558,BEL
9559,ENG
9560,ARG
9561,POR
9562,FRA
9563,BEL
9564,CRO
9565,FRA
9566,SUI
9567,BEL
9568,RUS
9569,BRA
9570,BRA
9571,ARG
9572,ARG
9573,ARG
9574,ESP
9575,POL
9576,GER
9577,POR
9578,ENG
9579,CRO
9580,GER
9581,ARG
9582,ARG
9583,MEX
9584,FRA
9585,ESP
9586,ESP
9587,POR
9588,ESP
9589,ARG
9590,ARG
9591,ENG
9592,ESP
9593,FRA
9594,ARG
9595,FRA
9596,ARG
9597,ARG
9598,BRA
9599,POR
9600,MEX
9601,ESP
9602,BRA
9603,BRA
9604,SUI
9605,ESP
9606,ESP
9607,ENG
9608,ENG
9609,ARG
9610,POR
9611,ARG
9612,POR
9613,POR
9614,BEL
9615,ARG
9616,BRA
9617,GER
9618,BEL
9619,ENG
9620,ESP
9621,ENG
9622,ESP
9623,ENG
9624,MEX
9625,ENG
9626,BRA
9627,ARG
9628,BEL
9629,POR
9630,ENG
9631,ARG
9632,POR
9633,ENG
9634,ESP
9635,SUI
9636,ENG
9637,BRA
9638,CRO
9639,BRA
9640,SUI
9641,ENG
9642,ARG
9643,POR
9644,BRA
9645,POR
9646,GER
9647,BRA
9648,ESP
9649,ENG
9650,RUS
9651,ESP
9652,ARG
9653,GER
9654,SUI
9655,POR
9656,BRA
9657,BRA
9658,DEN
9659,ARG
9660,POR
9661,URU
9662,BRA
9663,ENG
9664,BRA
9665,POR
9666,SWE
9667,ARG
9668,BRA
9669,CRO
9670,POR
9671,GER
9672,ENG
9673,SWE
9674,ESP
9675,FRA
9676,SUI
9677,POR
9678,FRA
9679,FRA
9680,GER
9681,BEL
9682,POR
9683,BEL
9684,ESP
9685,ENG
9686,BRA
9687,ENG
9688,BRA
9689,BRA
9690,FRA
9691,FRA
9692,ENG
9693,BRA
9694,ARG
9695,POR
9696,CRO
9697,BRA
9698,FRA
9699,ARG
9700,BRA
9701,RUS
9702,ENG
9703,POR
9704,FRA
9705,ARG
9706,ARG
9707,ENG
9708,SWE
9709,POR
9710,ESP
9711,BEL
9712,BEL
9713,FRA
9714,RUS
9715,FRA
9716,ESP
9717,ESP
9718,RUS
9719,BRA
9720,ARG
9721,RUS
9722,SEN
9723,SUI
9724,ARG
9725,COL
9726,BRA
9727,BEL
9728,POR
9729,SUI
9730,ARG
9731,GER
9732,POR
9733,RUS
9734,ARG
9735,ESP
9736,ARG
9737,GER
9738,ARG
9739,BEL
9740,BRA
9741,ESP
9742,GER
9743,FRA
9744,BRA
9745,ARG
9746,ARG
9747,SUI
9748,RUS
9749,BEL
9750,RUS
9751,FRA
9752,ARG
9753,POR
9754,ARG
9755,BEL
9756,ARG
9757,ENG
9758,ARG
9759,ESP
9760,ARG
9761,ENG
9762,DEN
9763,GER
9764,ARG
9765,GER
9766,ENG
9767,ARG
9768,ARG
9769,KSA
9770,ESP
9771,ENG
9772,FRA
9773,ARG
9774,ESP
9775,RUS
9776,CRO
9777,SRB
9778,BRA
9779,ESP
9780,ESP
9781,ESP
9782,POR
9783,BEL
9784,SUI
9785,ARG
9786,ESP
9787,GER
9788,POR
9789,GER
9790,BRA
9791,ESP
9792,POR
9793,ESP
9794,SUI
9795,RUS
9796,ESP
9797,RUS
9798,JPN
9799,BRA
9800,ESP
9801,ARG
9802,ESP
9803,ENG
9804,CRO
9805,FRA
9806,ENG
9807,GER
9808,DEN
9809,BRA
9810,ESP
9811,ESP
9812,ARG
9813,BEL
9814,FRA
9815,FRA
9816,POR
9817,ENG
9818,BEL
9819,FRA
9820,RUS
9821,BEL
9822,FRA
9823,ENG
9824,FRA
9825,ENG
9826,BRA
9827,ESP
9828,ARG
9829,ARG
9830,RUS
9831,FRA
9832,SRB
9833,ENG
9834,BRA
9835,MEX
9836,POR
9837,BRA
9838,BRA
9839,SRB
9840,BRA
9841,BRA
9842,GER
9843,POR
9844,BRA
9845,RUS
9846,ESP
9847,ENG
9848,POR
9849,SUI
9850,GER
9851,FRA
9852,POR
9853,ARG
9854,MEX
9855,ESP
9856,ARG
9857,ARG
9858,POR
9859,BEL
9860,BEL
9861,ARG
9862,POR
9863,ENG
9864,POR
9865,BRA
9866,POR
9867,ENG
9868,FRA
9869,ENG
9870,BRA
9871,ESP
9872,POR
9873,ESP
9874,BEL
9875,ESP
9876,FRA
9877,BRA
9878,FRA
9879,POR
9880,POR
9881,ARG
9882,DEN
9883,BRA
9884,CRO
9885,CRC
9886,BEL
9887,ENG
9888,ARG
9889,POL
9890,CRO
9891,BRA
9892,POR
9893,ENG
9894,GER
9895,ARG
9896,SRB
9897,BRA
9898,SWE
9899,BRA
9900,ENG
9901,AUS
9902,POR
9903,ESP
9904,ENG
9905,BRA
9906,ESP
9907,GER
9908,ESP
9909,FRA
9910,POR
9911,ESP
9912,POR
9913,FRA
9914,BEL
9915,BEL
9916,POR
9917,BRA
9918,CRO
9919,FRA
9920,ARG
9921,ENG
9922,ENG
9923,BRA
9924,GER
9925,ESP
9926,FRA
9927,FRA
9928,BRA
9929,SUI
9930,GER
9931,BRA
9932,BRA
9933,FRA
9934,POR
9935,BEL
9936,ARG
9937,ENG
9938,BRA
9939,ESP
9940,BEL
9941,ENG
9942,ARG
9943,FRA
9944,FRA
9945,BRA
9946,ENG
9947,POR
9948,BRA
9949,FRA
9950,ARG
9951,ENG
9952,ESP
9953,BRA
9954,POR
9955,POL
9956,GER
9957,ARG
9958,BRA
9959,GER
9960,ARG
9961,DEN
9962,ARG
9963,ARG
9964,ESP
9965,GER
9966,GER
9967,RUS
9968,ESP
9969,BRA
9970,POR
9971,POR
9972,ARG
9973,GER
9974,MEX
9975,GER
9976,ARG
9977,RUS
9978,POR
9979,RUS
9980,BEL
9981,FRA
9982,ESP
9983,ENG
9984,ARG
9985,ARG
9986,POR
9987,ENG
9988,BRA
9989,ENG
9990,ESP
9991,POR
9992,ENG
9993,ARG
9994,RUS
9995,ENG
9996,GER
9997,SWE
9998,JPN
9999,ENG
10000,ENG
