iteration,winner
1,RUS
2,GER
3,RUS
4,BRA
5,ARG
6,ESP
7,GER
8,GER
9,COL
10,BEL
11,SUI
12,POR
13,KSA
14,SEN
15,POL
16,POL
17,MEX
18,RUS
19,ARG
20,SUI
21,POR
22,JPN
23,DEN
24,URU
25,POR
26,RUS
27,POR
28,POR
29,CRO
30,ENG
31,ENG
32,ESP
33,SUI
34,RUS
35,COL
36,RUS
37,CRO
38,KOR
39,GER
40,BEL
41,MEX
42,RUS
43,SUI
44,ESP
45,ESP
46,RUS
47,ESP
48,EGY
49,ARG
50,GER
51,ESP
52,COL
53,ESP
54,BRA
55,ENG
56,SUI
57,FRA
58,POL
59,COL
60,KOR
61,GER
62,SRB
63,CRO
64,ARG
65,SUI
66,ESP
67,BRA
68,POR
69,PAN
70,BRA
71,ARG
72,ARG
73,DEN
74,RUS
75,ESP
76,SUI
77,KOR
78,SWE
79,DEN
80,ESP
81,ARG
82,IRN
83,ESP
84,GER
85,BRA
86,IRN
87,ARG
88,POR
89,DEN
90,BRA
91,ESP
92,ESP
93,CRO
94,ENG
95,BEL
96,ARG
97,ESP
98,BEL
99,CRO
100,CRO
101,RUS
102,POL
103,BRA
104,ARG
105,GER
106,GER
107,ENG
108,RUS
109,ARG
110,BEL
111,BRA
112,ESP
113,ARG
114,BRA
115,ENG
116,GER
117,BRA
118,GER
119,ESP
120,SUI
121,GER
122,BRA
123,BRA
124,BRA
125,SRB
126,GER
127,POR
128,ESP
129,GER
130,ENG
131,URU
132,GER
133,FRA
134,CRO
135,POR
136,POL
137,GER
138,MEX
139,ARG
140,BRA
141,JPN
142,NGA
143,RUS
144,ESP
145,ENG
146,RUS
147,ENG
148,ENG
149,ESP
150,GER
151,POR
152,POR
153,FRA
154,BEL
155,ARG
156,FRA
157,SUI
158,ESP
159,GER
160,RUS
161,GER
162,DEN
163,FRA
164,GER
165,COL
166,COL
167,POR
168,NGA
169,SUI
170,RUS
171,ENG
172,SUI
173,BRA
174,GER
175,GER
176,ESP
177,BEL
178,COL
179,IRN
180,RUS
181,ESP
182,FRA
183,ESP
184,SUI
185,COL
186,RUS
187,BRA
188,ARG
189,BEL
190,AUS
191,BRA
192,FRA
193,POR
194,CRO
195,GER
196,IRN
197,GER
198,ENG
199,BEL
200,GER
201,ESP
202,ARG
203,SUI
204,BEL
205,ESP
206,RUS
207,SUI
208,SUI
209,ARG
210,BEL
211,RUS
212,ARG
213,ESP
214,GER
215,MEX
216,BRA
217,RUS
218,POL
219,RUS
220,POR
221,ENG
222,GER
223,KSA
224,FRA
225,BRA
226,BRA
227,POL
228,BRA
229,BRA
230,GER
231,SUI
232,SUI
233,BRA
234,RUS
235,CRO
236,ARG
237,ESP
238,CRO
239,RUS
240,SUI
241,POR
242,KOR
243,SUI
244,ENG
245,DEN
246,RUS
247,ENG
248,ENG
249,CRO
250,JPN
251,POR
252,BRA
253,NGA
254,ARG
255,MEX
256,BEL
257,GER
258,RUS
259,FRA
260,ARG
261,FRA
262,CRO
263,BEL
264,BEL
265,ARG
266,POR
267,BRA
268,ENG
269,CRO
270,ARG
271,POR
272,BRA
273,POR
274,SRB
275,CRO
276,MEX
277,ARG
278,COL
279,CRO
280,URU
281,KOR
282,BRA
283,BEL
284,SUI
285,ESP
286,SUI
287,ARG
288,KSA
289,BRA
290,ENG
291,ARG
292,BRA
293,FRA
294,SUI
295,SEN
296,GER
297,TUN
298,BRA
299,SUI
300,BRA
301,SUI
302,GER
303,ESP
304,BRA
305,RUS
306,ENG
307,BRA
308,ARG
309,BRA
310,ESP
311,BRA
312,FRA
313,TUN
314,BRA
315,ENG
316,GER
317,FRA
318,MEX
319,GER
320,CRO
321,RUS
322,DEN
323,GER
324,BEL
325,ARG
326,GER
327,POR
328,PAN
329,BRA
330,FRA
331,BRA
332,DEN
333,TUN
334,POR
335,ENG
336,ENG
337,SUI
338,POR
339,FRA
340,ESP
341,COL
342,PER
343,GER
344,BEL
345,ARG
346,BRA
347,ARG
348,ARG
349,SUI
350,RUS
351,BRA
352,ESP
353,CRO
354,ESP
355,BRA
356,POR
357,GER
358,POR
359,JPN
360,ESP
361,ARG
362,SUI
363,ARG
364,BRA
365,URU
366,CRO
367,ENG
368,ESP
369,ESP
370,RUS
371,ARG
372,BRA
373,BRA
374,COL
375,SUI
376,GER
377,ENG
378,ENG
379,FRA
380,GER
381,ESP
382,SRB
383,CRO
384,ARG
385,BRA
386,FRA
387,NGA
388,POR
389,BRA
390,ENG
391,FRA
392,ENG
393,SUI
394,IRN
395,RUS
396,BRA
397,ARG
398,ESP
399,CRO
400,SUI
401,GER
402,ESP
403,URU
404,RUS
405,ENG
406,FRA
407,BRA
408,FRA
409,BRA
410,GER
411,FRA
412,MEX
413,GER
414,BRA
415,GER
416,ESP
417,RUS
418,SUI
419,RUS
420,ARG
421,COL
422,BRA
423,ARG
424,FRA
425,BRA
426,ARG
427,ENG
428,ARG
429,EGY
430,COL
431,ARG
432,ARG
433,GER
434,URU
435,IRN
436,SEN
437,FRA
438,ARG
439,ARG
440,SRB
441,ARG
442,BRA
443,ESP
444,GER
445,BRA
446,FRA
447,DEN
448,ARG
449,URU
450,BRA
451,BRA
452,DEN
453,FRA
454,ENG
455,ESP
456,ESP
457,RUS
458,GER
459,CRO
460,BRA
461,ARG
462,ENG
463,BRA
464,BRA
465,ESP
466,BRA
467,ARG
468,ESP
469,POR
470,SUI
471,URU
472,ENG
473,FRA
474,ENG
475,ENG
476,BRA
477,SUI
478,SEN
479,ESP
480,RUS
481,URU
482,RUS
483,ARG
484,RUS
485,SRB
486,BRA
487,SUI
488,POR
489,DEN
490,RUS
491,ARG
492,FRA
493,RUS
494,KOR
495,COL
496,COL
497,RUS
498,SUI
499,ARG
500,SUI
501,SUI
502,RUS
503,BRA
504,BRA
505,ENG
506,BRA
507,BRA
508,DEN
509,POR
510,GER
511,COL
512,GER
513,ESP
514,RUS
515,URU
516,BRA
517,SUI
518,RUS
519,FRA
520,ARG
521,BRA
522,MEX
523,GER
524,DEN
525,NGA
526,ARG
527,ARG
528,BRA
529,RUS
530,JPN
531,BRA
532,ARG
533,ARG
534,KSA
535,CRO
536,IRN
537,SWE
538,ARG
539,BRA
540,GER
541,CRO
542,RUS
543,POR
544,ARG
545,GER
546,CRO
547,ESP
548,BRA
549,JPN
550,COL
551,DEN
552,ESP
553,BRA
554,ARG
555,GER
556,URU
557,RUS
558,ARG
559,ARG
560,IRN
561,CRO
562,RUS
563,URU
564,ARG
565,COL
566,ENG
567,SUI
568,CRO
569,URU
570,POR
571,COL
572,SRB
573,ARG
574,BEL
575,BRA
576,SUI
577,JPN
578,BEL
579,SWE
580,ENG
581,CRO
582,ENG
583,GER
584,FRA
585,COL
586,FRA
587,SRB
588,ARG
589,ESP
590,POR
591,ARG
592,ARG
593,BRA
594,NGA
595,SEN
596,ENG
597,ENG
598,RUS
599,BRA
600,POR
601,SUI
602,CRO
603,ARG
604,BRA
605,ARG
606,ENG
607,RUS
608,BRA
609,MEX
610,RUS
611,DEN
612,GER
613,POR
614,BRA
615,ESP
616,ARG
617,BRA
618,DEN
619,RUS
620,BEL
621,ENG
622,URU
623,ARG
624,ESP
625,BRA
626,NGA
627,ARG
628,BEL
629,BEL
630,POL
631,SUI
632,IRN
633,RUS
634,ARG
635,ARG
636,SUI
637,ENG
638,ESP
639,GER
640,POR
641,RUS
642,ESP
643,GER
644,GER
645,ARG
646,URU
647,POR
648,CRO
649,BEL
650,BRA
651,RUS
652,SUI
653,URU
654,ARG
655,KOR
656,ISL
657,GER
658,BRA
659,POR
660,BRA
661,RUS
662,DEN
663,GER
664,FRA
665,SUI
666,RUS
667,URU
668,ESP
669,GER
670,POR
671,SUI
672,ARG
673,RUS
674,BEL
675,BRA
676,ARG
677,GER
678,CRO
679,ESP
680,MEX
681,BRA
682,ESP
683,COL
684,PAN
685,GER
686,BRA
687,FRA
688,RUS
689,RUS
690,RUS
691,BRA
692,CRC
693,POR
694,ISL
695,ARG
696,DEN
697,ENG
698,GER
699,FRA
700,GER
701,ARG
702,FRA
703,RUS
704,BRA
705,SUI
706,BEL
707,POR
708,ENG
709,FRA
710,GER
711,POR
712,AUS
713,ARG
714,BRA
715,DEN
716,RUS
717,DEN
718,KOR
719,GER
720,POR
721,GER
722,MEX
723,GER
724,POR
725,POR
726,BRA
727,RUS
728,COL
729,ENG
730,POR
731,GER
732,BRA
733,FRA
734,ENG
735,BRA
736,BRA
737,RUS
738,ENG
739,ARG
740,COL
741,SRB
742,POR
743,BEL
744,ESP
745,BEL
746,BRA
747,RUS
748,BRA
749,GER
750,BRA
751,CRC
752,ARG
753,ARG
754,ESP
755,CRO
756,RUS
757,BEL
758,SUI
759,BEL
760,POR
761,NGA
762,SUI
763,ARG
764,KOR
765,SUI
766,KOR
767,MEX
768,ARG
769,SUI
770,GER
771,AUS
772,ESP
773,RUS
774,RUS
775,ARG
776,SRB
777,RUS
778,GER
779,SUI
780,COL
781,BRA
782,ARG
783,POR
784,ARG
785,CRO
786,SRB
787,ENG
788,RUS
789,KOR
790,POR
791,RUS
792,POR
793,RUS
794,ESP
795,COL
796,GER
797,ENG
798,CRO
799,URU
800,ENG
801,BRA
802,POR
803,POR
804,ENG
805,SRB
806,ARG
807,POR
808,GER
809,ENG
810,ARG
811,ESP
812,URU
813,POL
814,POR
815,ARG
816,ENG
817,ESP
818,URU
819,SUI
820,RUS
821,BEL
822,CRO
823,SUI
824,ENG
825,BRA
826,CRC
827,SUI
828,RUS
829,ARG
830,ARG
831,GER
832,KOR
833,BRA
834,GER
835,ENG
836,ARG
837,CRO
838,ENG
839,POR
840,CRO
841,SWE
842,NGA
843,SWE
844,GER
845,GER
846,POR
847,ENG
848,JPN
849,SWE
850,ENG
851,GER
852,POR
853,GER
854,GER
855,POR
856,RUS
857,ENG
858,BRA
859,BRA
860,KSA
861,KOR
862,RUS
863,RUS
864,ENG
865,DEN
866,ESP
867,GER
868,GER
869,ENG
870,FRA
871,GER
872,RUS
873,SWE
874,FRA
875,ENG
876,CRO
877,NGA
878,ARG
879,RUS
880,PAN
881,FRA
882,ENG
883,MAR
884,SRB
885,URU
886,GER
887,POL
888,URU
889,CRO
890,ENG
891,POR
892,URU
893,BEL
894,KOR
895,BEL
896,ESP
897,MEX
898,ENG
899,BEL
900,RUS
901,KOR
902,POR
903,BRA
904,BRA
905,GER
906,CRO
907,ARG
908,POR
909,URU
910,POR
911,ARG
912,ARG
913,BRA
914,URU
915,ARG
916,ARG
917,RUS
918,BEL
919,FRA
920,ESP
921,BRA
922,ARG
923,BRA
924,ENG
925,ENG
926,GER
927,RUS
928,BRA
929,GER
930,URU
931,DEN
932,ENG
933,SRB
934,ENG
935,ARG
936,CRO
937,RUS
938,FRA
939,GER
940,ARG
941,ESP
942,SUI
943,GER
944,POR
945,ESP
946,POR
947,ENG
948,GER
949,RUS
950,BEL
951,FRA
952,ARG
953,GER
954,SUI
955,ARG
956,GER
957,FRA
958,BRA
959,BRA
960,ARG
961,BEL
962,FRA
963,MEX
964,BRA
965,SUI
966,GER
967,RUS
968,RUS
969,SRB
970,POR
971,SUI
972,ENG
973,ENG
974,ESP
975,GER
976,SWE
977,ENG
978,SRB
979,JPN
980,COL
981,ARG
982,RUS
983,FRA
984,GER
985,CRO
986,FRA
987,RUS
988,SUI
989,ARG
990,DEN
991,SRB
992,BRA
993,SUI
994,CRC
995,BRA
996,JPN
997,RUS
998,BEL
999,SUI
1000,GER
1001,POR
1002,GER
1003,ARG
1004,GER
1005,BRA
1006,BEL
1007,ARG
1008,BRA
1009,BEL
1010,CRC
1011,SUI
1012,POR
1013,ESP
1014,GER
1015,GER
1016,COL
1017,ARG
1018,BRA
1019,ENG
1020,GER
1021,ESP
1022,BRA
1023,POR
1024,ARG
1025,BEL
1026,ARG
1027,SUI
1028,FRA
1029,ESP
1030,RUS
1031,ARG
1032,ARG
1033,BRA
1034,ARG
1035,KOR
1036,SRB
1037,GER
1038,GER
1039,ARG
1040,ESP
1041,BEL
1042,GER
1043,BRA
1044,RUS
1045,BRA
1046,DEN
1047,COL
1048,GER
1049,BRA
1050,GER
1051,URU
1052,ARG
1053,RUS
1054,POL
1055,BRA
1056,POR
1057,RUS
1058,CRO
1059,BEL
1060,RUS
1061,CRO
1062,BRA
1063,BRA
1064,FRA
1065,BRA
1066,FRA
1067,FRA
1068,ENG
1069,ARG
1070,SUI
1071,CRO
1072,DEN
1073,ENG
1074,CRO
1075,CRO
1076,FRA
1077,ENG
1078,ARG
1079,BRA
1080,SUI
1081,FRA
1082,ARG
1083,BEL
1084,SUI
1085,BEL
1086,GER
1087,BRA
1088,FRA
1089,FRA
1090,POR
1091,PAN
1092,ESP
1093,BRA
1094,POR
1095,BEL
1096,BRA
1097,RUS
1098,SUI
1099,BRA
1100,ENG
1101,FRA
1102,BRA
1103,ENG
1104,KSA
1105,FRA
1106,IRN
1107,PAN
1108,ESP
1109,SUI
1110,ARG
1111,RUS
1112,BRA
1113,POR
1114,ESP
1115,BRA
1116,SRB
1117,BEL
1118,GER
1119,ENG
1120,COL
1121,BRA
1122,SUI
1123,ESP
1124,POR
1125,SUI
1126,COL
1127,GER
1128,SWE
1129,DEN
1130,RUS
1131,BRA
1132,POL
1133,RUS
1134,ENG
1135,FRA
1136,RUS
1137,BEL
1138,BRA
1139,POR
1140,ENG
1141,BRA
1142,ARG
1143,ENG
1144,BRA
1145,SEN
1146,ARG
1147,URU
1148,MEX
1149,GER
1150,BRA
1151,BRA
1152,ARG
1153,ARG
1154,ARG
1155,POR
1156,GER
1157,FRA
1158,SUI
1159,ENG
1160,SUI
1161,DEN
1162,BRA
1163,RUS
1164,ENG
1165,KSA
1166,URU
1167,ENG
1168,RUS
1169,RUS
1170,ENG
1171,GER
1172,FRA
1173,ENG
1174,POR
1175,CRO
1176,ENG
1177,POR
1178,GER
1179,ESP
1180,CRO
1181,GER
1182,RUS
1183,GER
1184,FRA
1185,ENG
1186,BRA
1187,BRA
1188,ENG
1189,BRA
1190,ARG
1191,BEL
1192,FRA
1193,FRA
1194,FRA
1195,ESP
1196,ARG
1197,ESP
1198,ENG
1199,ISL
1200,FRA
1201,FRA
1202,GER
1203,FRA
1204,MEX
1205,POR
1206,KSA
1207,COL
1208,BRA
1209,SUI
1210,RUS
1211,RUS
1212,RUS
1213,URU
1214,ARG
1215,GER
1216,MEX
1217,PER
1218,ARG
1219,BRA
1220,BEL
1221,ARG
1222,ESP
1223,ARG
1224,NGA
1225,CRO
1226,ESP
1227,IRN
1228,RUS
1229,CRO
1230,BEL
1231,BRA
1232,POR
1233,RUS
1234,CRO
1235,BRA
1236,BRA
1237,CRO
1238,RUS
1239,ESP
1240,URU
1241,ARG
1242,POR
1243,BEL
1244,BRA
1245,CRO
1246,BEL
1247,SUI
1248,FRA
1249,ESP
1250,POL
1251,URU
1252,SWE
1253,ARG
1254,GER
1255,BRA
1256,SUI
1257,CRO
1258,RUS
1259,ENG
1260,ARG
1261,ARG
1262,KSA
1263,ESP
1264,ARG
1265,ARG
1266,ENG
1267,SRB
1268,SRB
1269,ARG
1270,JPN
1271,CRO
1272,GER
1273,AUS
1274,POR
1275,RUS
1276,MEX
1277,FRA
1278,GER
1279,ESP
1280,ENG
1281,CRO
1282,POR
1283,ARG
1284,BEL
1285,BRA
1286,AUS
1287,GER
1288,GER
1289,POR
1290,FRA
1291,BRA
1292,COL
1293,BRA
1294,ESP
1295,BEL
1296,PAN
1297,BRA
1298,DEN
1299,FRA
1300,POR
1301,ENG
1302,CRO
1303,ARG
1304,GER
1305,GER
1306,BRA
1307,BEL
1308,ARG
1309,ENG
1310,BEL
1311,SUI
1312,ARG
1313,BRA
1314,CRO
1315,SRB
1316,CRO
1317,BRA
1318,FRA
1319,BRA
1320,GER
1321,ENG
1322,IRN
1323,RUS
1324,FRA
1325,GER
1326,ARG
1327,RUS
1328,FRA
1329,BRA
1330,BRA
1331,FRA
1332,BRA
1333,FRA
1334,POR
1335,URU
1336,ENG
1337,ENG
1338,KSA
1339,MEX
1340,DEN
1341,SUI
1342,SUI
1343,ARG
1344,ARG
1345,BRA
1346,FRA
1347,IRN
1348,SUI
1349,MEX
1350,SUI
1351,ESP
1352,KOR
1353,ARG
1354,GER
1355,COL
1356,GER
1357,GER
1358,GER
1359,SUI
1360,BRA
1361,ENG
1362,SWE
1363,GER
1364,BRA
1365,GER
1366,SRB
1367,ARG
1368,ESP
1369,BRA
1370,ENG
1371,COL
1372,BRA
1373,RUS
1374,JPN
1375,BEL
1376,FRA
1377,RUS
1378,POR
1379,COL
1380,BEL
1381,GER
1382,ARG
1383,RUS
1384,ESP
1385,ARG
1386,ENG
1387,SWE
1388,ARG
1389,SRB
1390,SWE
1391,POR
1392,GER
1393,SUI
1394,ESP
1395,ESP
1396,ESP
1397,BRA
1398,SRB
1399,RUS
1400,ARG
1401,ENG
1402,POR
1403,URU
1404,POR
1405,ARG
1406,ARG
1407,ENG
1408,POR
1409,ESP
1410,BRA
1411,ENG
1412,ENG
1413,ARG
1414,RUS
1415,ESP
1416,ARG
1417,ESP
1418,ENG
1419,ARG
1420,SUI
1421,POR
1422,ARG
1423,COL
1424,BRA
1425,GER
1426,ARG
1427,RUS
1428,BRA
1429,AUS
1430,POR
1431,COL
1432,BRA
1433,NGA
1434,MAR
1435,GER
1436,ESP
1437,ARG
1438,CRO
1439,ENG
1440,KSA
1441,POR
1442,POL
1443,KSA
1444,GER
1445,SUI
1446,SUI
1447,CRO
1448,GER
1449,ENG
1450,GER
1451,RUS
1452,EGY
1453,BEL
1454,ARG
1455,RUS
1456,FRA
1457,BRA
1458,ENG
1459,KSA
1460,GER
1461,SUI
1462,POR
1463,ESP
1464,ENG
1465,IRN
1466,GER
1467,RUS
1468,BRA
1469,GER
1470,CRO
1471,FRA
1472,ENG
1473,CRO
1474,ARG
1475,POR
1476,ARG
1477,ARG
1478,SRB
1479,ESP
1480,POR
1481,RUS
1482,MEX
1483,ARG
1484,BRA
1485,PER
1486,BRA
1487,POR
1488,BEL
1489,URU
1490,GER
1491,URU
1492,POL
1493,BRA
1494,ARG
1495,POR
1496,BEL
1497,BRA
1498,ENG
1499,BRA
1500,BRA
1501,MEX
1502,BRA
1503,FRA
1504,BRA
1505,ARG
1506,CRO
1507,BEL
1508,BRA
1509,ESP
1510,GER
1511,RUS
1512,ENG
1513,RUS
1514,POR
1515,ENG
1516,ARG
1517,GER
1518,GER
1519,DEN
1520,POR
1521,SUI
1522,BRA
1523,COL
1524,GER
1525,IRN
1526,SUI
1527,BRA
1528,ARG
1529,FRA
1530,DEN
1531,RUS
1532,RUS
1533,JPN
1534,ARG
1535,SRB
1536,BRA
1537,PER
1538,CRO
1539,ARG
1540,ENG
1541,RUS
1542,ARG
1543,RUS
1544,POR
1545,ARG
1546,ARG
1547,ARG
1548,ARG
1549,SUI
1550,POR
1551,CRO
1552,ESP
1553,FRA
1554,ARG
1555,BRA
1556,ENG
1557,BEL
1558,RUS
1559,PAN
1560,ARG
1561,ARG
1562,FRA
1563,URU
1564,SWE
1565,ENG
1566,FRA
1567,RUS
1568,CRC
1569,BRA
1570,URU
1571,ARG
1572,SEN
1573,ARG
1574,BRA
1575,SRB
1576,CRO
1577,SUI
1578,ENG
1579,GER
1580,GER
1581,POR
1582,BEL
1583,ENG
1584,POL
1585,FRA
1586,GER
1587,FRA
1588,SRB
1589,KSA
1590,SWE
1591,DEN
1592,RUS
1593,BRA
1594,RUS
1595,SRB
1596,POR
1597,CRO
1598,URU
1599,BRA
1600,RUS
1601,RUS
1602,ENG
1603,GER
1604,SEN
1605,CRO
1606,CRO
1607,ESP
1608,RUS
1609,GER
1610,ENG
1611,MEX
1612,ARG
1613,BEL
1614,CRC
1615,BRA
1616,BRA
1617,FRA
1618,JPN
1619,FRA
1620,RUS
1621,ESP
1622,ARG
1623,GER
1624,SRB
1625,FRA
1626,ENG
1627,BRA
1628,BRA
1629,RUS
1630,RUS
1631,BRA
1632,SUI
1633,FRA
1634,SUI
1635,RUS
1636,ENG
1637,SUI
1638,BRA
1639,ARG
1640,ENG
1641,BEL
1642,ARG
1643,COL
1644,SUI
1645,NGA
1646,SUI
1647,SUI
1648,RUS
1649,ARG
1650,RUS
1651,BRA
1652,ENG
1653,FRA
1654,BRA
1655,MEX
1656,POR
1657,BRA
1658,POR
1659,EGY
1660,FRA
1661,GER
1662,FRA
1663,POR
1664,BEL
1665,ENG
1666,RUS
1667,ARG
1668,ESP
1669,ARG
1670,POR
1671,ARG
1672,SUI
1673,SUI
1674,GER
1675,ENG
1676,URU
1677,ENG
1678,ESP
1679,ESP
1680,BRA
1681,POR
1682,BRA
1683,PAN
1684,BEL
1685,ESP
1686,GER
1687,SUI
1688,FRA
1689,FRA
1690,GER
1691,CRO
1692,RUS
1693,ESP
1694,ENG
1695,FRA
1696,GER
1697,FRA
1698,RUS
1699,CRO
1700,MEX
1701,POL
1702,GER
1703,SRB
1704,ARG
1705,BRA
1706,FRA
1707,SUI
1708,POR
1709,ARG
1710,JPN
1711,GER
1712,POR
1713,ARG
1714,BRA
1715,DEN
1716,ESP
1717,ARG
1718,GER
1719,POR
1720,RUS
1721,BRA
1722,GER
1723,SRB
1724,ARG
1725,BRA
1726,GER
1727,ESP
1728,EGY
1729,BEL
1730,DEN
1731,RUS
1732,RUS
1733,ENG
1734,SRB
1735,FRA
1736,RUS
1737,BRA
1738,ENG
1739,JPN
1740,FRA
1741,BRA
1742,CRO
1743,BRA
1744,GER
1745,GER
1746,CRO
1747,ARG
1748,ARG
1749,ENG
1750,KOR
1751,URU
1752,BRA
1753,RUS
1754,ARG
1755,URU
1756,COL
1757,ARG
1758,BEL
1759,BEL
1760,ENG
1761,BRA
1762,NGA
1763,BRA
1764,FRA
1765,RUS
1766,POR
1767,BEL
1768,BRA
1769,ARG
1770,ESP
1771,RUS
1772,SUI
1773,ARG
1774,CRC
1775,MEX
1776,ENG
1777,ESP
1778,ENG
1779,RUS
1780,FRA
1781,AUS
1782,CRO
1783,DEN
1784,FRA
1785,KOR
1786,COL
1787,SRB
1788,ARG
1789,FRA
1790,RUS
1791,POR
1792,SUI
1793,GER
1794,GER
1795,ARG
1796,BRA
1797,ARG
1798,RUS
1799,BEL
1800,SWE
1801,BRA
1802,BRA
1803,GER
1804,BRA
1805,MEX
1806,RUS
1807,SUI
1808,COL
1809,ESP
1810,FRA
1811,ARG
1812,RUS
1813,RUS
1814,ARG
1815,CRO
1816,ARG
1817,CRC
1818,MEX
1819,GER
1820,SUI
1821,MEX
1822,RUS
1823,BRA
1824,GER
1825,BRA
1826,FRA
1827,RUS
1828,ENG
1829,SUI
1830,FRA
1831,BRA
1832,POR
1833,ESP
1834,MEX
1835,BEL
1836,ARG
1837,POR
1838,DEN
1839,URU
1840,POR
1841,GER
1842,GER
1843,ESP
1844,RUS
1845,RUS
1846,SUI
1847,GER
1848,ESP
1849,GER
1850,FRA
1851,JPN
1852,BRA
1853,KOR
1854,FRA
1855,ENG
1856,POL
1857,SUI
1858,CRO
1859,BRA
1860,BEL
1861,KOR
1862,POR
1863,POR
1864,RUS
1865,BEL
1866,BRA
1867,ARG
1868,BRA
1869,RUS
1870,POR
1871,BRA
1872,RUS
1873,ENG
1874,ARG
1875,RUS
1876,ARG
1877,IRN
1878,BEL
1879,ENG
1880,ARG
1881,SUI
1882,ARG
1883,BRA
1884,BRA
1885,RUS
1886,BEL
1887,POR
1888,ESP
1889,GER
1890,CRO
1891,ARG
1892,CRC
1893,BRA
1894,POR
1895,BRA
1896,BEL
1897,BEL
1898,CRO
1899,FRA
1900,CRO
1901,KSA
1902,ENG
1903,SUI
1904,ARG
1905,POR
1906,FRA
1907,ESP
1908,BRA
1909,NGA
1910,ARG
1911,BRA
1912,POR
1913,ARG
1914,ARG
1915,ESP
1916,RUS
1917,RUS
1918,ESP
1919,ARG
1920,POR
1921,CRO
1922,BEL
1923,ENG
1924,KSA
1925,FRA
1926,CRO
1927,GER
1928,CRO
1929,ENG
1930,ENG
1931,BRA
1932,GER
1933,POR
1934,ARG
1935,RUS
1936,BRA
1937,BRA
1938,ESP
1939,FRA
1940,CRO
1941,ENG
1942,CRO
1943,POR
1944,ESP
1945,MEX
1946,RUS
1947,FRA
1948,ARG
1949,RUS
1950,POR
1951,BEL
1952,SWE
1953,SUI
1954,POR
1955,ESP
1956,GER
1957,ARG
1958,BRA
1959,MEX
1960,ESP
1961,FRA
1962,RUS
1963,AUS
1964,GER
1965,RUS
1966,RUS
1967,BRA
1968,ENG
1969,SRB
1970,BRA
1971,BRA
1972,RUS
1973,ENG
1974,ARG
1975,BRA
1976,POR
1977,ARG
1978,GER
1979,MAR
1980,URU
1981,POR
1982,FRA
1983,RUS
1984,ARG
1985,RUS
1986,SRB
1987,POR
1988,GER
1989,ESP
1990,PAN
1991,ARG
1992,POR
1993,RUS
1994,GER
1995,SUI
1996,RUS
1997,RUS
1998,RUS
1999,BRA
2000,BEL
2001,GER
2002,POL
2003,KSA
2004,BRA
2005,JPN
2006,POR
2007,SUI
2008,BRA
2009,RUS
2010,GER
2011,SUI
2012,FRA
2013,GER
2014,MEX
2015,ARG
2016,GER
2017,BEL
2018,SWE
2019,BEL
2020,BRA
2021,GER
2022,BRA
2023,RUS
2024,SWE
2025,ENG
2026,GER
2027,BRA
2028,FRA
2029,SRB
2030,POR
2031,ESP
2032,GER
2033,DEN
2034,ARG
2035,GER
2036,ESP
2037,BRA
2038,IRN
2039,SWE
2040,POR
2041,COL
2042,POL
2043,ENG
2044,RUS
2045,RUS
2046,BRA
2047,CRO
2048,GER
2049,ARG
2050,BRA
2051,FRA
2052,POL
2053,POR
2054,BRA
2055,ENG
2056,ENG
2057,RUS
2058,COL
2059,GER
2060,SUI
2061,SUI
2062,CRO
2063,RUS
2064,ARG
2065,GER
2066,SUI
2067,POR
2068,ARG
2069,GER
2070,GER
2071,FRA
2072,SRB
2073,CRC
2074,CRO
2075,MAR
2076,ARG
2077,ARG
2078,CRO
2079,GER
2080,BRA
2081,KOR
2082,FRA
2083,FRA
2084,GER
2085,GER
2086,URU
2087,BRA
2088,BRA
2089,ESP
2090,POR
2091,RUS
2092,BEL
2093,FRA
2094,KOR
2095,ENG
2096,BRA
2097,GER
2098,BRA
2099,ESP
2100,CRO
2101,ENG
2102,POR
2103,KOR
2104,BRA
2105,GER
2106,MEX
2107,RUS
2108,COL
2109,RUS
2110,CRO
2111,BRA
2112,POR
2113,ENG
2114,POR
2115,BRA
2116,POR
2117,POR
2118,GER
2119,ARG
2120,BRA
2121,FRA
2122,ESP
2123,COL
2124,BRA
2125,EGY
2126,ESP
2127,GER
2128,RUS
2129,ARG
2130,BRA
2131,ESP
2132,FRA
2133,BEL
2134,BRA
2135,ESP
2136,SUI
2137,ARG
2138,BRA
2139,ARG
2140,GER
2141,RUS
2142,ENG
2143,BRA
2144,BRA
2145,SUI
2146,BEL
2147,FRA
2148,BRA
2149,BRA
2150,ARG
2151,POR
2152,ESP
2153,CRO
2154,ENG
2155,IRN
2156,RUS
2157,BEL
2158,ARG
2159,POR
2160,ARG
2161,BEL
2162,NGA
2163,ESP
2164,BEL
2165,ESP
2166,ARG
2167,ENG
2168,RUS
2169,SRB
2170,BRA
2171,ARG
2172,MEX
2173,BRA
2174,GER
2175,POR
2176,CRO
2177,RUS
2178,ENG
2179,ARG
2180,BRA
2181,SRB
2182,RUS
2183,BEL
2184,BRA
2185,ENG
2186,RUS
2187,BRA
2188,BRA
2189,BRA
2190,ARG
2191,POR
2192,BRA
2193,URU
2194,ENG
2195,RUS
2196,SUI
2197,SWE
2198,RUS
2199,BRA
2200,ESP
2201,GER
2202,GER
2203,JPN
2204,BRA
2205,POR
2206,RUS
2207,ARG
2208,URU
2209,RUS
2210,RUS
2211,CRO
2212,BRA
2213,FRA
2214,BRA
2215,POR
2216,GER
2217,SRB
2218,POR
2219,CRO
2220,ARG
2221,POR
2222,RUS
2223,ARG
2224,BEL
2225,SUI
2226,RUS
2227,ARG
2228,RUS
2229,SUI
2230,RUS
2231,URU
2232,ARG
2233,JPN
2234,FRA
2235,BEL
2236,GER
2237,KOR
2238,RUS
2239,ARG
2240,ARG
2241,ARG
2242,GER
2243,CRO
2244,GER
2245,POR
2246,SUI
2247,ESP
2248,AUS
2249,BRA
2250,BRA
2251,ARG
2252,SRB
2253,SUI
2254,ESP
2255,FRA
2256,NGA
2257,BRA
2258,POR
2259,GER
2260,BRA
2261,CRC
2262,SUI
2263,BRA
2264,BEL
2265,POR
2266,ENG
2267,IRN
2268,RUS
2269,ARG
2270,FRA
2271,GER
2272,POR
2273,GER
2274,SRB
2275,RUS
2276,FRA
2277,ARG
2278,GER
2279,FRA
2280,MEX
2281,RUS
2282,ARG
2283,ARG
2284,KSA
2285,POR
2286,RUS
2287,URU
2288,SUI
2289,BEL
2290,CRO
2291,BRA
2292,URU
2293,COL
2294,BRA
2295,BRA
2296,ESP
2297,GER
2298,SUI
2299,BRA
2300,FRA
2301,BRA
2302,BRA
2303,FRA
2304,IRN
2305,POR
2306,RUS
2307,FRA
2308,RUS
2309,FRA
2310,FRA
2311,POL
2312,ENG
2313,DEN
2314,BRA
2315,POR
2316,POR
2317,ESP
2318,DEN
2319,DEN
2320,FRA
2321,CRO
2322,BRA
2323,BEL
2324,DEN
2325,FRA
2326,SUI
2327,COL
2328,ARG
2329,ESP
2330,BRA
2331,CRO
2332,ENG
2333,POR
2334,ENG
2335,GER
2336,BRA
2337,RUS
2338,SWE
2339,ESP
2340,POL
2341,IRN
2342,SUI
2343,BRA
2344,ENG
2345,POR
2346,GER
2347,ENG
2348,GER
2349,GER
2350,SUI
2351,ARG
2352,SUI
2353,RUS
2354,BRA
2355,URU
2356,ENG
2357,CRO
2358,FRA
2359,SEN
2360,ESP
2361,BRA
2362,ARG
2363,BRA
2364,BEL
2365,GER
2366,CRO
2367,POR
2368,NGA
2369,POR
2370,RUS
2371,ARG
2372,DEN
2373,BRA
2374,POR
2375,SUI
2376,JPN
2377,SWE
2378,ARG
2379,ENG
2380,POR
2381,BEL
2382,GER
2383,RUS
2384,SRB
2385,RUS
2386,AUS
2387,POR
2388,SUI
2389,GER
2390,ARG
2391,SRB
2392,ESP
2393,SUI
2394,ESP
2395,MEX
2396,ENG
2397,GER
2398,FRA
2399,FRA
2400,ESP
2401,GER
2402,CRC
2403,ARG
2404,BRA
2405,ESP
2406,CRO
2407,BRA
2408,ARG
2409,RUS
2410,RUS
2411,ESP
2412,POR
2413,SUI
2414,SWE
2415,GER
2416,BRA
2417,GER
2418,RUS
2419,ARG
2420,BRA
2421,GER
2422,ARG
2423,RUS
2424,RUS
2425,BRA
2426,POR
2427,BRA
2428,RUS
2429,RUS
2430,GER
2431,CRC
2432,SWE
2433,CRO
2434,ARG
2435,BRA
2436,ESP
2437,POR
2438,DEN
2439,BRA
2440,ARG
2441,AUS
2442,BRA
2443,BRA
2444,ESP
2445,POR
2446,ARG
2447,ARG
2448,ENG
2449,ARG
2450,BRA
2451,BRA
2452,GER
2453,BRA
2454,ARG
2455,ARG
2456,GER
2457,ARG
2458,GER
2459,ARG
2460,POL
2461,ESP
2462,SUI
2463,SEN
2464,RUS
2465,URU
2466,SUI
2467,GER
2468,DEN
2469,BRA
2470,KOR
2471,BRA
2472,BRA
2473,BRA
2474,PAN
2475,SWE
2476,RUS
2477,RUS
2478,DEN
2479,SEN
2480,FRA
2481,GER
2482,GER
2483,RUS
2484,MEX
2485,ENG
2486,URU
2487,POL
2488,POL
2489,BRA
2490,COL
2491,SUI
2492,ENG
2493,BRA
2494,FRA
2495,ARG
2496,RUS
2497,BRA
2498,ARG
2499,BEL
2500,RUS
2501,ENG
2502,RUS
2503,ENG
2504,DEN
2505,BRA
2506,ARG
2507,POR
2508,JPN
2509,ESP
2510,ENG
2511,DEN
2512,RUS
2513,ARG
2514,AUS
2515,SEN
2516,BRA
2517,ARG
2518,ESP
2519,BRA
2520,BRA
2521,FRA
2522,BEL
2523,CRO
2524,ARG
2525,FRA
2526,BRA
2527,ENG
2528,BRA
2529,BRA
2530,BRA
2531,ENG
2532,ENG
2533,URU
2534,CRO
2535,BEL
2536,FRA
2537,RUS
2538,FRA
2539,FRA
2540,BRA
2541,BRA
2542,SUI
2543,ENG
2544,BRA
2545,FRA
2546,BRA
2547,SUI
2548,SWE
2549,POR
2550,SUI
2551,DEN
2552,ARG
2553,ESP
2554,RUS
2555,CRO
2556,RUS
2557,CRO
2558,BRA
2559,ARG
2560,RUS
2561,ARG
2562,PAN
2563,POR
2564,GER
2565,ENG
2566,BEL
2567,ARG
2568,ESP
2569,POL
2570,MEX
2571,FRA
2572,ARG
2573,SRB
2574,SUI
2575,SRB
2576,POR
2577,ENG
2578,RUS
2579,BEL
2580,ENG
2581,BRA
2582,GER
2583,POR
2584,FRA
2585,POR
2586,RUS
2587,COL
2588,BRA
2589,FRA
2590,BEL
2591,SUI
2592,RUS
2593,ENG
2594,SUI
2595,ARG
2596,SUI
2597,GER
2598,ARG
2599,BRA
2600,COL
2601,GER
2602,CRO
2603,BRA
2604,BRA
2605,ESP
2606,ARG
2607,CRO
2608,CRO
2609,DEN
2610,SUI
2611,RUS
2612,CRO
2613,SUI
2614,POR
2615,SUI
2616,BRA
2617,ARG
2618,BRA
2619,COL
2620,GER
2621,BRA
2622,DEN
2623,CRO
2624,ESP
2625,ARG
2626,POR
2627,GER
2628,POR
2629,BRA
2630,SUI
2631,BRA
2632,ARG
2633,RUS
2634,ESP
2635,POR
2636,GER
2637,ARG
2638,BRA
2639,BRA
2640,ARG
2641,ENG
2642,BRA
2643,BRA
2644,GER
2645,BRA
2646,FRA
2647,FRA
2648,CRO
2649,BRA
2650,SUI
2651,ARG
2652,POR
2653,ARG
2654,BEL
2655,ENG
2656,ARG
2657,GER
2658,FRA
2659,EGY
2660,TUN
2661,ENG
2662,SRB
2663,RUS
2664,SRB
2665,RUS
2666,SUI
2667,SUI
2668,DEN
2669,ARG
2670,AUS
2671,SRB
2672,POR
2673,SUI
2674,ARG
2675,BRA
2676,ARG
2677,POR
2678,ARG
2679,BRA
2680,ENG
2681,ARG
2682,ARG
2683,ESP
2684,BEL
2685,RUS
2686,GER
2687,BRA
2688,BEL
2689,DEN
2690,GER
2691,ARG
2692,POR
2693,FRA
2694,SUI
2695,ENG
2696,BRA
2697,POR
2698,AUS
2699,SWE
2700,BRA
2701,POR
2702,DEN
2703,BRA
2704,COL
2705,BRA
2706,BEL
2707,FRA
2708,CRO
2709,GER
2710,ESP
2711,DEN
2712,DEN
2713,BRA
2714,ENG
2715,SUI
2716,SUI
2717,POR
2718,FRA
2719,SWE
2720,ARG
2721,GER
2722,KOR
2723,POR
2724,MEX
2725,ARG
2726,GER
2727,JPN
2728,AUS
2729,ARG
2730,JPN
2731,ARG
2732,POR
2733,ARG
2734,BEL
2735,ENG
2736,GER
2737,ENG
2738,POR
2739,KOR
2740,CRO
2741,KSA
2742,SRB
2743,FRA
2744,BRA
2745,RUS
2746,ENG
2747,BRA
2748,ARG
2749,ENG
2750,FRA
2751,DEN
2752,RUS
2753,GER
2754,FRA
2755,BRA
2756,POR
2757,FRA
2758,ENG
2759,ARG
2760,BRA
2761,ENG
2762,ARG
2763,RUS
2764,ENG
2765,POR
2766,POR
2767,RUS
2768,ESP
2769,ARG
2770,BEL
2771,FRA
2772,NGA
2773,POR
2774,SUI
2775,SUI
2776,COL
2777,FRA
2778,SRB
2779,CRO
2780,SWE
2781,RUS
2782,ESP
2783,ARG
2784,RUS
2785,BRA
2786,CRC
2787,ENG
2788,ARG
2789,ARG
2790,CRC
2791,ESP
2792,BRA
2793,COL
2794,CRO
2795,FRA
2796,ESP
2797,ARG
2798,ENG
2799,MEX
2800,ESP
2801,POR
2802,ARG
2803,SUI
2804,POR
2805,BRA
2806,ESP
2807,IRN
2808,GER
2809,RUS
2810,SUI
2811,GER
2812,BRA
2813,RUS
2814,TUN
2815,ESP
2816,GER
2817,RUS
2818,SRB
2819,SUI
2820,ARG
2821,GER
2822,RUS
2823,ARG
2824,KSA
2825,BRA
2826,ENG
2827,ARG
2828,COL
2829,ESP
2830,POR
2831,ENG
2832,ARG
2833,RUS
2834,BRA
2835,BRA
2836,POR
2837,COL
2838,GER
2839,ARG
2840,ENG
2841,SUI
2842,GER
2843,RUS
2844,ENG
2845,FRA
2846,CRO
2847,SWE
2848,POL
2849,RUS
2850,POR
2851,ARG
2852,BEL
2853,ARG
2854,POR
2855,DEN
2856,PER
2857,RUS
2858,GER
2859,POR
2860,AUS
2861,POR
2862,ENG
2863,BRA
2864,DEN
2865,POR
2866,CRC
2867,MEX
2868,GER
2869,URU
2870,SWE
2871,ARG
2872,ARG
2873,BEL
2874,ESP
2875,COL
2876,SRB
2877,CRO
2878,RUS
2879,ARG
2880,BRA
2881,ARG
2882,ENG
2883,BRA
2884,BRA
2885,ENG
2886,ARG
2887,COL
2888,ARG
2889,ESP
2890,POR
2891,RUS
2892,RUS
2893,COL
2894,BRA
2895,ENG
2896,GER
2897,ESP
2898,FRA
2899,ENG
2900,NGA
2901,BRA
2902,FRA
2903,COL
2904,BRA
2905,POR
2906,GER
2907,RUS
2908,BRA
2909,SUI
2910,RUS
2911,BRA
2912,ENG
2913,SUI
2914,BRA
2915,URU
2916,ARG
2917,BRA
2918,CRO
2919,ARG
2920,EGY
2921,GER
2922,TUN
2923,BEL
2924,ARG
2925,BRA
2926,ARG
2927,GER
2928,POR
2929,ENG
2930,RUS
2931,COL
2932,GER
2933,BRA
2934,MEX
2935,BRA
2936,SUI
2937,ESP
2938,ENG
2939,ENG
2940,POR
2941,SUI
2942,CRC
2943,ARG
2944,SUI
2945,ARG
2946,RUS
2947,POR
2948,RUS
2949,GER
2950,BRA
2951,RUS
2952,ESP
2953,GER
2954,ARG
2955,GER
2956,ARG
2957,BEL
2958,ESP
2959,AUS
2960,ESP
2961,BRA
2962,ARG
2963,GER
2964,ESP
2965,SUI
2966,ESP
2967,RUS
2968,ARG
2969,AUS
2970,BEL
2971,POR
2972,FRA
2973,ESP
2974,RUS
2975,CRO
2976,BEL
2977,CRO
2978,ESP
2979,GER
2980,ENG
2981,ARG
2982,GER
2983,POR
2984,AUS
2985,SWE
2986,GER
2987,POR
2988,CRO
2989,BRA
2990,SWE
2991,GER
2992,KOR
2993,RUS
2994,POR
2995,ESP
2996,DEN
2997,ARG
2998,GER
2999,POR
3000,BRA
3001,BRA
3002,BEL
3003,ENG
3004,BEL
3005,BRA
3006,BRA
3007,CRO
3008,CRO
3009,ENG
3010,BRA
3011,POR
3012,CRO
3013,ENG
3014,ENG
3015,ARG
3016,RUS
3017,DEN
3018,ARG
3019,ARG
3020,BRA
3021,ENG
3022,URU
3023,POR
3024,BRA
3025,POR
3026,POR
3027,CRC
3028,GER
3029,BRA
3030,BEL
3031,SUI
3032,ARG
3033,BRA
3034,FRA
3035,GER
3036,GER
3037,GER
3038,ARG
3039,FRA
3040,ARG
3041,GER
3042,BEL
3043,SUI
3044,CRO
3045,ARG
3046,ARG
3047,SUI
3048,GER
3049,BRA
3050,RUS
3051,ARG
3052,KSA
3053,DEN
3054,FRA
3055,SRB
3056,BRA
3057,POR
3058,FRA
3059,ARG
3060,ENG
3061,SUI
3062,POR
3063,FRA
3064,GER
3065,ESP
3066,ESP
3067,MEX
3068,PAN
3069,BRA
3070,CRO
3071,ARG
3072,SWE
3073,BRA
3074,GER
3075,DEN
3076,BRA
3077,GER
3078,RUS
3079,SRB
3080,BRA
3081,SUI
3082,SWE
3083,GER
3084,BRA
3085,GER
3086,ESP
3087,ARG
3088,ARG
3089,ENG
3090,ARG
3091,DEN
3092,GER
3093,POR
3094,KOR
3095,ARG
3096,FRA
3097,ARG
3098,ISL
3099,POR
3100,BRA
3101,POR
3102,ARG
3103,RUS
3104,SUI
3105,MEX
3106,RUS
3107,ARG
3108,MEX
3109,BEL
3110,FRA
3111,ARG
3112,POL
3113,CRO
3114,BRA
3115,ESP
3116,GER
3117,SRB
3118,RUS
3119,GER
3120,BRA
3121,POR
3122,GER
3123,BEL
3124,DEN
3125,ARG
3126,ESP
3127,FRA
3128,ARG
3129,GER
3130,ARG
3131,RUS
3132,ENG
3133,ESP
3134,POR
3135,RUS
3136,ARG
3137,BEL
3138,SUI
3139,POR
3140,FRA
3141,ESP
3142,ARG
3143,FRA
3144,CRO
3145,COL
3146,ENG
3147,BRA
3148,RUS
3149,POR
3150,ARG
3151,RUS
3152,FRA
3153,SUI
3154,POR
3155,POR
3156,POR
3157,ESP
3158,POR
3159,ESP
3160,GER
3161,BRA
3162,BRA
3163,RUS
3164,SWE
3165,ENG
3166,SRB
3167,GER
3168,SUI
3169,DEN
3170,ARG
3171,POR
3172,SUI
3173,DEN
3174,ENG
3175,IRN
3176,ARG
3177,GER
3178,GER
3179,BRA
3180,ARG
3181,IRN
3182,MEX
3183,KSA
3184,ARG
3185,RUS
3186,IRN
3187,ENG
3188,FRA
3189,GER
3190,BRA
3191,BRA
3192,RUS
3193,ESP
3194,ENG
3195,ARG
3196,BRA
3197,GER
3198,COL
3199,ESP
3200,BRA
3201,CRO
3202,BRA
3203,GER
3204,ESP
3205,FRA
3206,CRO
3207,BRA
3208,GER
3209,ENG
3210,GER
3211,ARG
3212,SUI
3213,BRA
3214,ENG
3215,COL
3216,POR
3217,COL
3218,ENG
3219,GER
3220,RUS
3221,TUN
3222,GER
3223,SUI
3224,GER
3225,BRA
3226,BEL
3227,ARG
3228,ARG
3229,FRA
3230,GER
3231,ENG
3232,COL
3233,GER
3234,AUS
3235,URU
3236,ARG
3237,CRO
3238,RUS
3239,FRA
3240,RUS
3241,SUI
3242,SWE
3243,POR
3244,KSA
3245,BRA
3246,RUS
3247,DEN
3248,BRA
3249,BEL
3250,BRA
3251,IRN
3252,ESP
3253,POR
3254,BRA
3255,POR
3256,BEL
3257,RUS
3258,AUS
3259,SUI
3260,GER
3261,ESP
3262,ESP
3263,BRA
3264,FRA
3265,ARG
3266,POR
3267,FRA
3268,FRA
3269,POR
3270,GER
3271,ARG
3272,SUI
3273,POL
3274,GER
3275,MEX
3276,POL
3277,POR
3278,MEX
3279,POR
3280,BEL
3281,SRB
3282,POR
3283,IRN
3284,ESP
3285,FRA
3286,FRA
3287,RUS
3288,BRA
3289,SRB
3290,BRA
3291,FRA
3292,BRA
3293,ENG
3294,RUS
3295,GER
3296,MAR
3297,DEN
3298,IRN
3299,BRA
3300,RUS
3301,BRA
3302,RUS
3303,ARG
3304,ARG
3305,DEN
3306,URU
3307,BRA
3308,GER
3309,GER
3310,SUI
3311,ARG
3312,RUS
3313,RUS
3314,IRN
3315,POR
3316,FRA
3317,IRN
3318,MEX
3319,BRA
3320,RUS
3321,RUS
3322,BRA
3323,SRB
3324,ENG
3325,BRA
3326,CRO
3327,SEN
3328,GER
3329,BEL
3330,RUS
3331,URU
3332,BRA
3333,RUS
3334,RUS
3335,GER
3336,BRA
3337,NGA
3338,URU
3339,BRA
3340,GER
3341,BRA
3342,SUI
3343,SUI
3344,CRO
3345,POR
3346,SUI
3347,MEX
3348,ESP
3349,SUI
3350,FRA
3351,RUS
3352,BRA
3353,CRO
3354,GER
3355,ESP
3356,ARG
3357,ESP
3358,GER
3359,RUS
3360,SUI
3361,JPN
3362,NGA
3363,SUI
3364,ARG
3365,FRA
3366,URU
3367,IRN
3368,POR
3369,POR
3370,CRO
3371,CRO
3372,BRA
3373,POL
3374,RUS
3375,RUS
3376,GER
3377,BRA
3378,POR
3379,MEX
3380,POR
3381,ARG
3382,BEL
3383,ENG
3384,GER
3385,KSA
3386,POR
3387,FRA
3388,BRA
3389,ESP
3390,FRA
3391,JPN
3392,ENG
3393,GER
3394,ARG
3395,RUS
3396,ESP
3397,GER
3398,ARG
3399,ENG
3400,MEX
3401,ENG
3402,ESP
3403,RUS
3404,BRA
3405,SUI
3406,ARG
3407,SUI
3408,BRA
3409,CRO
3410,BRA
3411,ESP
3412,ENG
3413,BRA
3414,FRA
3415,SRB
3416,TUN
3417,BRA
3418,ESP
3419,KSA
3420,ESP
3421,ENG
3422,PER
3423,MEX
3424,SRB
3425,POR
3426,SUI
3427,MAR
3428,BEL
3429,BRA
3430,POR
3431,COL
3432,URU
3433,SWE
3434,ARG
3435,ARG
3436,RUS
3437,BRA
3438,BRA
3439,ARG
3440,FRA
3441,FRA
3442,BRA
3443,SWE
3444,URU
3445,BRA
3446,SWE
3447,GER
3448,ENG
3449,MEX
3450,AUS
3451,BRA
3452,ENG
3453,TUN
3454,RUS
3455,SUI
3456,BRA
3457,POR
3458,RUS
3459,GER
3460,CRO
3461,ARG
3462,KOR
3463,GER
3464,ARG
3465,ARG
3466,BRA
3467,BRA
3468,TUN
3469,RUS
3470,RUS
3471,GER
3472,BRA
3473,BRA
3474,BRA
3475,ESP
3476,BRA
3477,SWE
3478,BRA
3479,ARG
3480,SRB
3481,SUI
3482,ENG
3483,ESP
3484,COL
3485,ENG
3486,RUS
3487,GER
3488,FRA
3489,CRO
3490,ARG
3491,ENG
3492,RUS
3493,SUI
3494,BRA
3495,BRA
3496,BRA
3497,SUI
3498,MAR
3499,GER
3500,BEL
3501,FRA
3502,SUI
3503,ARG
3504,ESP
3505,ESP
3506,ARG
3507,ESP
3508,ESP
3509,MAR
3510,BEL
3511,CRO
3512,KOR
3513,FRA
3514,FRA
3515,ARG
3516,FRA
3517,ENG
3518,RUS
3519,ARG
3520,KOR
3521,CRO
3522,BRA
3523,POR
3524,ARG
3525,BRA
3526,ARG
3527,PAN
3528,URU
3529,COL
3530,GER
3531,BEL
3532,BRA
3533,BRA
3534,SEN
3535,BRA
3536,ARG
3537,RUS
3538,EGY
3539,GER
3540,AUS
3541,ARG
3542,ARG
3543,BRA
3544,ARG
3545,ESP
3546,KOR
3547,BRA
3548,ARG
3549,ESP
3550,SUI
3551,RUS
3552,POL
3553,ARG
3554,SRB
3555,SUI
3556,DEN
3557,CRO
3558,GER
3559,POR
3560,CRO
3561,FRA
3562,BEL
3563,RUS
3564,RUS
3565,ARG
3566,ENG
3567,SUI
3568,COL
3569,IRN
3570,BRA
3571,BRA
3572,FRA
3573,ENG
3574,RUS
3575,POR
3576,BRA
3577,ARG
3578,ARG
3579,RUS
3580,BRA
3581,SRB
3582,BRA
3583,GER
3584,SRB
3585,ENG
3586,BEL
3587,BRA
3588,BRA
3589,GER
3590,POR
3591,COL
3592,FRA
3593,SUI
3594,GER
3595,ARG
3596,BRA
3597,POR
3598,RUS
3599,GER
3600,KSA
3601,RUS
3602,ENG
3603,CRO
3604,ENG
3605,POL
3606,RUS
3607,ESP
3608,BRA
3609,GER
3610,ARG
3611,ENG
3612,GER
3613,ENG
3614,SUI
3615,RUS
3616,URU
3617,POR
3618,BRA
3619,CRO
3620,IRN
3621,ARG
3622,ARG
3623,ESP
3624,DEN
3625,FRA
3626,BEL
3627,GER
3628,ARG
3629,ENG
3630,BRA
3631,JPN
3632,BEL
3633,POR
3634,DEN
3635,JPN
3636,CRO
3637,POR
3638,NGA
3639,JPN
3640,BRA
3641,ENG
3642,FRA
3643,RUS
3644,ARG
3645,GER
3646,SUI
3647,FRA
3648,IRN
3649,BRA
3650,ENG
3651,ENG
3652,SUI
3653,GER
3654,SRB
3655,ARG
3656,BRA
3657,BEL
3658,SWE
3659,SUI
3660,CRO
3661,ARG
3662,ARG
3663,RUS
3664,ENG
3665,ARG
3666,BRA
3667,SUI
3668,ESP
3669,BRA
3670,GER
3671,RUS
3672,FRA
3673,GER
3674,ESP
3675,BRA
3676,BRA
3677,ARG
3678,MEX
3679,BRA
3680,SUI
3681,ARG
3682,POR
3683,SEN
3684,TUN
3685,ARG
3686,FRA
3687,BRA
3688,ENG
3689,POR
3690,FRA
3691,POR
3692,RUS
3693,COL
3694,CRO
3695,JPN
3696,POR
3697,NGA
3698,RUS
3699,ARG
3700,ARG
3701,BRA
3702,POL
3703,BEL
3704,GER
3705,RUS
3706,ARG
3707,ARG
3708,POR
3709,ENG
3710,ARG
3711,POR
3712,SUI
3713,POL
3714,AUS
3715,POR
3716,BRA
3717,BRA
3718,ARG
3719,BRA
3720,GER
3721,POR
3722,ARG
3723,ARG
3724,POR
3725,POR
3726,ARG
3727,SWE
3728,BRA
3729,TUN
3730,ARG
3731,ENG
3732,AUS
3733,BRA
3734,SUI
3735,ARG
3736,POR
3737,RUS
3738,COL
3739,ESP
3740,GER
3741,ARG
3742,BRA
3743,NGA
3744,CRO
3745,BRA
3746,ESP
3747,ENG
3748,MEX
3749,BEL
3750,BRA
3751,SUI
3752,ARG
3753,RUS
3754,URU
3755,ESP
3756,BRA
3757,NGA
3758,POL
3759,URU
3760,POR
3761,ARG
3762,URU
3763,GER
3764,DEN
3765,GER
3766,GER
3767,BEL
3768,BRA
3769,SUI
3770,BRA
3771,FRA
3772,FRA
3773,ENG
3774,RUS
3775,BEL
3776,ARG
3777,BRA
3778,JPN
3779,GER
3780,BRA
3781,BEL
3782,ARG
3783,POR
3784,FRA
3785,POR
3786,SUI
3787,BEL
3788,GER
3789,GER
3790,DEN
3791,ENG
3792,ARG
3793,PAN
3794,ARG
3795,CRC
3796,GER
3797,FRA
3798,AUS
3799,BRA
3800,BRA
3801,TUN
3802,MEX
3803,ARG
3804,ENG
3805,GER
3806,URU
3807,BRA
3808,ENG
3809,AUS
3810,ESP
3811,BEL
3812,FRA
3813,ENG
3814,COL
3815,ARG
3816,SUI
3817,SRB
3818,POL
3819,COL
3820,GER
3821,SUI
3822,SRB
3823,ESP
3824,BRA
3825,ARG
3826,ESP
3827,FRA
3828,GER
3829,IRN
3830,GER
3831,GER
3832,GER
3833,ESP
3834,POR
3835,RUS
3836,ARG
3837,URU
3838,GER
3839,BRA
3840,BRA
3841,CRO
3842,ENG
3843,GER
3844,RUS
3845,FRA
3846,RUS
3847,RUS
3848,GER
3849,GER
3850,KSA
3851,ENG
3852,POR
3853,MEX
3854,FRA
3855,POR
3856,ESP
3857,GER
3858,BRA
3859,ARG
3860,BRA
3861,ESP
3862,KOR
3863,SUI
3864,CRC
3865,POR
3866,BRA
3867,GER
3868,GER
3869,GER
3870,BRA
3871,ARG
3872,ESP
3873,SUI
3874,URU
3875,CRC
3876,POR
3877,GER
3878,GER
3879,RUS
3880,ENG
3881,POR
3882,RUS
3883,MEX
3884,ESP
3885,RUS
3886,SRB
3887,ARG
3888,ENG
3889,FRA
3890,FRA
3891,POR
3892,CRO
3893,CRO
3894,ARG
3895,PER
3896,POR
3897,POR
3898,SUI
3899,POR
3900,ESP
3901,ARG
3902,BRA
3903,BEL
3904,ESP
3905,ESP
3906,ARG
3907,BRA
3908,ARG
3909,ENG
3910,RUS
3911,BRA
3912,GER
3913,GER
3914,ARG
3915,SUI
3916,ARG
3917,ESP
3918,JPN
3919,RUS
3920,ESP
3921,ESP
3922,POR
3923,SUI
3924,BEL
3925,BRA
3926,ESP
3927,GER
3928,GER
3929,FRA
3930,ENG
3931,SUI
3932,PER
3933,GER
3934,SUI
3935,RUS
3936,ARG
3937,CRO
3938,ARG
3939,GER
3940,BRA
3941,SUI
3942,BEL
3943,ENG
3944,BRA
3945,ESP
3946,SUI
3947,BRA
3948,ENG
3949,SUI
3950,RUS
3951,ARG
3952,CRC
3953,FRA
3954,POR
3955,BEL
3956,ARG
3957,BRA
3958,CRO
3959,BRA
3960,FRA
3961,BRA
3962,ENG
3963,MEX
3964,RUS
3965,CRO
3966,COL
3967,FRA
3968,ARG
3969,BEL
3970,BRA
3971,MEX
3972,FRA
3973,COL
3974,BRA
3975,GER
3976,POR
3977,BRA
3978,FRA
3979,SUI
3980,GER
3981,AUS
3982,BRA
3983,BRA
3984,CRO
3985,ARG
3986,ENG
3987,BRA
3988,KSA
3989,IRN
3990,ARG
3991,ESP
3992,ENG
3993,ESP
3994,KSA
3995,ISL
3996,RUS
3997,GER
3998,FRA
3999,ARG
4000,ARG
4001,CRO
4002,RUS
4003,BEL
4004,ARG
4005,SUI
4006,CRO
4007,AUS
4008,RUS
4009,RUS
4010,ESP
4011,ENG
4012,ESP
4013,URU
4014,GER
4015,ENG
4016,POR
4017,ESP
4018,ENG
4019,KSA
4020,ARG
4021,POR
4022,ARG
4023,BRA
4024,ARG
4025,GER
4026,POR
4027,ENG
4028,POR
4029,RUS
4030,ARG
4031,BRA
4032,BRA
4033,DEN
4034,ARG
4035,CRO
4036,ARG
4037,CRO
4038,RUS
4039,SUI
4040,GER
4041,ARG
4042,ENG
4043,ARG
4044,ARG
4045,POL
4046,TUN
4047,GER
4048,KSA
4049,ESP
4050,RUS
4051,GER
4052,GER
4053,BRA
4054,RUS
4055,RUS
4056,ENG
4057,BEL
4058,DEN
4059,COL
4060,POR
4061,BEL
4062,ESP
4063,BRA
4064,BRA
4065,SRB
4066,NGA
4067,FRA
4068,ARG
4069,ARG
4070,RUS
4071,POR
4072,JPN
4073,ENG
4074,SUI
4075,DEN
4076,BEL
4077,BRA
4078,CRO
4079,BRA
4080,FRA
4081,ARG
4082,CRC
4083,URU
4084,BRA
4085,GER
4086,ENG
4087,ESP
4088,CRO
4089,DEN
4090,BRA
4091,BRA
4092,RUS
4093,SRB
4094,SUI
4095,BRA
4096,URU
4097,ARG
4098,SUI
4099,RUS
4100,CRO
4101,DEN
4102,POR
4103,DEN
4104,MEX
4105,BRA
4106,BRA
4107,GER
4108,ARG
4109,ENG
4110,ESP
4111,ENG
4112,BEL
4113,ENG
4114,JPN
4115,ARG
4116,ENG
4117,FRA
4118,ARG
4119,ESP
4120,RUS
4121,BEL
4122,BRA
4123,POR
4124,BEL
4125,ENG
4126,FRA
4127,RUS
4128,DEN
4129,KOR
4130,CRO
4131,BRA
4132,ENG
4133,ENG
4134,ENG
4135,ENG
4136,URU
4137,ENG
4138,SWE
4139,RUS
4140,GER
4141,CRO
4142,ENG
4143,ARG
4144,ESP
4145,ENG
4146,BRA
4147,CRC
4148,COL
4149,ENG
4150,ARG
4151,SUI
4152,FRA
4153,SUI
4154,RUS
4155,ESP
4156,BEL
4157,POL
4158,BRA
4159,CRO
4160,FRA
4161,SUI
4162,COL
4163,ARG
4164,BRA
4165,SWE
4166,ARG
4167,URU
4168,BRA
4169,GER
4170,BRA
4171,ARG
4172,GER
4173,GER
4174,GER
4175,SUI
4176,BRA
4177,ESP
4178,RUS
4179,FRA
4180,FRA
4181,ARG
4182,BRA
4183,RUS
4184,POR
4185,ARG
4186,DEN
4187,GER
4188,KOR
4189,FRA
4190,ESP
4191,URU
4192,MEX
4193,ENG
4194,RUS
4195,RUS
4196,ARG
4197,POR
4198,ISL
4199,KOR
4200,ARG
4201,GER
4202,POR
4203,BEL
4204,ARG
4205,BRA
4206,AUS
4207,GER
4208,BRA
4209,GER
4210,RUS
4211,POR
4212,CRO
4213,ARG
4214,ARG
4215,ARG
4216,CRO
4217,URU
4218,ENG
4219,SEN
4220,CRO
4221,ENG
4222,URU
4223,ESP
4224,URU
4225,ENG
4226,CRO
4227,DEN
4228,ARG
4229,JPN
4230,BRA
4231,GER
4232,SUI
4233,FRA
4234,ENG
4235,BRA
4236,COL
4237,BRA
4238,DEN
4239,ENG
4240,ARG
4241,ARG
4242,ENG
4243,CRO
4244,POR
4245,AUS
4246,FRA
4247,ARG
4248,ENG
4249,ENG
4250,BRA
4251,CRC
4252,SUI
4253,SUI
4254,ARG
4255,POR
4256,BEL
4257,ARG
4258,FRA
4259,ESP
4260,BEL
4261,BRA
4262,SUI
4263,CRO
4264,GER
4265,ENG
4266,MAR
4267,MAR
4268,ENG
4269,AUS
4270,BEL
4271,ARG
4272,FRA
4273,BRA
4274,SUI
4275,GER
4276,KOR
4277,SRB
4278,GER
4279,KOR
4280,SEN
4281,ARG
4282,BRA
4283,DEN
4284,BRA
4285,ARG
4286,RUS
4287,GER
4288,GER
4289,GER
4290,GER
4291,ENG
4292,URU
4293,SUI
4294,FRA
4295,BEL
4296,ARG
4297,BEL
4298,RUS
4299,ENG
4300,BRA
4301,CRO
4302,ENG
4303,POR
4304,BRA
4305,GER
4306,BRA
4307,GER
4308,SRB
4309,SUI
4310,RUS
4311,CRO
4312,RUS
4313,ARG
4314,BEL
4315,DEN
4316,BRA
4317,POR
4318,ARG
4319,BRA
4320,ARG
4321,BRA
4322,RUS
4323,ESP
4324,GER
4325,POR
4326,MAR
4327,ARG
4328,GER
4329,BRA
4330,RUS
4331,GER
4332,ENG
4333,GER
4334,POR
4335,ESP
4336,BRA
4337,BRA
4338,ARG
4339,FRA
4340,RUS
4341,RUS
4342,RUS
4343,BRA
4344,ARG
4345,GER
4346,GER
4347,FRA
4348,GER
4349,ENG
4350,BRA
4351,ARG
4352,POR
4353,BEL
4354,BRA
4355,BRA
4356,GER
4357,FRA
4358,DEN
4359,ARG
4360,KSA
4361,ARG
4362,BRA
4363,GER
4364,BRA
4365,RUS
4366,CRO
4367,BRA
4368,FRA
4369,COL
4370,ENG
4371,BEL
4372,SUI
4373,POL
4374,PER
4375,RUS
4376,ENG
4377,BEL
4378,ESP
4379,POR
4380,RUS
4381,RUS
4382,RUS
4383,JPN
4384,SRB
4385,BRA
4386,GER
4387,GER
4388,BEL
4389,RUS
4390,BRA
4391,GER
4392,RUS
4393,ARG
4394,POR
4395,ENG
4396,POR
4397,COL
4398,RUS
4399,SUI
4400,FRA
4401,POR
4402,ARG
4403,SRB
4404,BRA
4405,POR
4406,ESP
4407,BRA
4408,SUI
4409,RUS
4410,SEN
4411,KOR
4412,FRA
4413,ESP
4414,ARG
4415,ENG
4416,PAN
4417,ARG
4418,RUS
4419,SUI
4420,NGA
4421,CRO
4422,GER
4423,ARG
4424,SUI
4425,ESP
4426,RUS
4427,GER
4428,ARG
4429,GER
4430,FRA
4431,ARG
4432,POR
4433,BRA
4434,BRA
4435,SUI
4436,ENG
4437,GER
4438,JPN
4439,BRA
4440,FRA
4441,FRA
4442,ARG
4443,RUS
4444,ESP
4445,ENG
4446,RUS
4447,GER
4448,POR
4449,GER
4450,DEN
4451,BEL
4452,ARG
4453,FRA
4454,ENG
4455,ESP
4456,ENG
4457,BRA
4458,FRA
4459,BRA
4460,CRO
4461,ENG
4462,GER
4463,RUS
4464,SUI
4465,DEN
4466,SUI
4467,ESP
4468,KSA
4469,SEN
4470,ARG
4471,ARG
4472,POR
4473,GER
4474,URU
4475,ESP
4476,DEN
4477,BRA
4478,FRA
4479,BRA
4480,ENG
4481,ENG
4482,CRO
4483,BRA
4484,FRA
4485,ARG
4486,ARG
4487,BEL
4488,GER
4489,GER
4490,CRO
4491,GER
4492,FRA
4493,BEL
4494,FRA
4495,GER
4496,URU
4497,POR
4498,ENG
4499,POR
4500,RUS
4501,CRO
4502,BRA
4503,FRA
4504,ARG
4505,POR
4506,EGY
4507,CRO
4508,POR
4509,BEL
4510,RUS
4511,SRB
4512,CRO
4513,CRC
4514,GER
4515,ESP
4516,ARG
4517,GER
4518,GER
4519,FRA
4520,FRA
4521,GER
4522,AUS
4523,TUN
4524,ESP
4525,BEL
4526,FRA
4527,FRA
4528,ESP
4529,POR
4530,BRA
4531,ESP
4532,RUS
4533,FRA
4534,BEL
4535,GER
4536,GER
4537,MEX
4538,SUI
4539,URU
4540,KSA
4541,ESP
4542,ENG
4543,GER
4544,BRA
4545,CRO
4546,FRA
4547,BRA
4548,SUI
4549,BRA
4550,ESP
4551,RUS
4552,ARG
4553,COL
4554,ESP
4555,RUS
4556,SUI
4557,BRA
4558,ARG
4559,POR
4560,BRA
4561,SEN
4562,POR
4563,RUS
4564,SWE
4565,FRA
4566,CRO
4567,ARG
4568,ENG
4569,BRA
4570,MEX
4571,AUS
4572,GER
4573,URU
4574,MAR
4575,BRA
4576,ARG
4577,POR
4578,RUS
4579,ARG
4580,BEL
4581,POR
4582,PAN
4583,RUS
4584,AUS
4585,POR
4586,GER
4587,GER
4588,POR
4589,GER
4590,ARG
4591,ARG
4592,ESP
4593,BRA
4594,POR
4595,GER
4596,BRA
4597,RUS
4598,ESP
4599,ARG
4600,DEN
4601,BRA
4602,SUI
4603,GER
4604,ENG
4605,POR
4606,FRA
4607,BRA
4608,SUI
4609,ESP
4610,GER
4611,ARG
4612,FRA
4613,RUS
4614,ARG
4615,SUI
4616,DEN
4617,URU
4618,SUI
4619,DEN
4620,FRA
4621,ENG
4622,COL
4623,ENG
4624,ENG
4625,DEN
4626,SEN
4627,FRA
4628,BEL
4629,COL
4630,URU
4631,ARG
4632,ARG
4633,DEN
4634,RUS
4635,GER
4636,ARG
4637,ESP
4638,BRA
4639,FRA
4640,RUS
4641,BRA
4642,POR
4643,RUS
4644,POR
4645,ESP
4646,FRA
4647,POR
4648,BRA
4649,ESP
4650,GER
4651,ARG
4652,KOR
4653,MEX
4654,KSA
4655,SUI
4656,SRB
4657,GER
4658,ARG
4659,BEL
4660,FRA
4661,ESP
4662,GER
4663,GER
4664,ARG
4665,SWE
4666,ARG
4667,BEL
4668,FRA
4669,ENG
4670,AUS
4671,RUS
4672,URU
4673,ENG
4674,GER
4675,ESP
4676,SWE
4677,RUS
4678,ESP
4679,ARG
4680,CRO
4681,RUS
4682,BRA
4683,RUS
4684,BRA
4685,BRA
4686,GER
4687,IRN
4688,BEL
4689,SUI
4690,ARG
4691,GER
4692,ENG
4693,SUI
4694,FRA
4695,BRA
4696,BRA
4697,GER
4698,ENG
4699,CRC
4700,CRO
4701,GER
4702,DEN
4703,DEN
4704,SUI
4705,POR
4706,SUI
4707,CRC
4708,FRA
4709,COL
4710,POR
4711,BEL
4712,BEL
4713,BRA
4714,GER
4715,SUI
4716,BEL
4717,RUS
4718,CRO
4719,ARG
4720,FRA
4721,ARG
4722,GER
4723,SUI
4724,FRA
4725,POR
4726,SRB
4727,KSA
4728,FRA
4729,ENG
4730,POR
4731,RUS
4732,ARG
4733,RUS
4734,ENG
4735,ARG
4736,ESP
4737,MEX
4738,RUS
4739,SRB
4740,DEN
4741,BEL
4742,FRA
4743,BRA
4744,ARG
4745,GER
4746,PER
4747,BRA
4748,RUS
4749,FRA
4750,CRO
4751,DEN
4752,FRA
4753,FRA
4754,BRA
4755,RUS
4756,FRA
4757,PER
4758,GER
4759,SUI
4760,RUS
4761,KSA
4762,BRA
4763,GER
4764,RUS
4765,ARG
4766,BRA
4767,DEN
4768,RUS
4769,BRA
4770,FRA
4771,ENG
4772,BEL
4773,BRA
4774,POR
4775,ARG
4776,ESP
4777,POL
4778,ARG
4779,ARG
4780,FRA
4781,ENG
4782,SUI
4783,BRA
4784,GER
4785,BEL
4786,ARG
4787,FRA
4788,BRA
4789,COL
4790,SUI
4791,BRA
4792,URU
4793,GER
4794,ESP
4795,SWE
4796,KSA
4797,SWE
4798,ESP
4799,FRA
4800,ESP
4801,SUI
4802,ARG
4803,BRA
4804,ESP
4805,ARG
4806,GER
4807,BEL
4808,GER
4809,COL
4810,BEL
4811,GER
4812,RUS
4813,ENG
4814,NGA
4815,ENG
4816,SUI
4817,ENG
4818,POR
4819,FRA
4820,BRA
4821,SRB
4822,ENG
4823,POR
4824,FRA
4825,BEL
4826,BRA
4827,DEN
4828,ENG
4829,ENG
4830,KSA
4831,ESP
4832,ESP
4833,CRO
4834,CRO
4835,ENG
4836,RUS
4837,BRA
4838,BEL
4839,GER
4840,BEL
4841,SRB
4842,RUS
4843,FRA
4844,RUS
4845,SUI
4846,DEN
4847,DEN
4848,ESP
4849,SUI
4850,ARG
4851,POR
4852,RUS
4853,CRO
4854,RUS
4855,BRA
4856,ENG
4857,ENG
4858,SUI
4859,URU
4860,SWE
4861,AUS
4862,ENG
4863,SUI
4864,ESP
4865,BRA
4866,BRA
4867,POR
4868,BRA
4869,GER
4870,GER
4871,BRA
4872,COL
4873,ARG
4874,COL
4875,DEN
4876,ESP
4877,AUS
4878,BRA
4879,JPN
4880,SRB
4881,GER
4882,POR
4883,SUI
4884,BEL
4885,NGA
4886,SUI
4887,COL
4888,IRN
4889,CRO
4890,ARG
4891,ARG
4892,ARG
4893,MEX
4894,COL
4895,ENG
4896,CRO
4897,BRA
4898,ARG
4899,KOR
4900,BRA
4901,DEN
4902,SWE
4903,ARG
4904,SEN
4905,ENG
4906,ARG
4907,SUI
4908,BRA
4909,RUS
4910,GER
4911,FRA
4912,BEL
4913,BEL
4914,GER
4915,RUS
4916,BRA
4917,SUI
4918,SUI
4919,TUN
4920,CRO
4921,GER
4922,GER
4923,ARG
4924,FRA
4925,KOR
4926,CRC
4927,ENG
4928,ESP
4929,ENG
4930,BRA
4931,SUI
4932,ESP
4933,MEX
4934,ARG
4935,BEL
4936,GER
4937,RUS
4938,ENG
4939,ESP
4940,FRA
4941,ARG
4942,BRA
4943,POR
4944,ARG
4945,DEN
4946,ESP
4947,ENG
4948,ENG
4949,SUI
4950,URU
4951,POR
4952,BEL
4953,RUS
4954,ARG
4955,GER
4956,FRA
4957,POR
4958,FRA
4959,NGA
4960,GER
4961,KSA
4962,ESP
4963,BRA
4964,ESP
4965,POR
4966,ARG
4967,FRA
4968,POR
4969,CRO
4970,ARG
4971,BRA
4972,BRA
4973,RUS
4974,GER
4975,CRO
4976,CRO
4977,DEN
4978,BRA
4979,ARG
4980,CRC
4981,ARG
4982,RUS
4983,ESP
4984,POR
4985,BRA
4986,ESP
4987,BRA
4988,FRA
4989,SRB
4990,ARG
4991,POL
4992,SWE
4993,ESP
4994,ESP
4995,RUS
4996,SWE
4997,ENG
4998,FRA
4999,GER
5000,GER
5001,ARG
5002,BRA
5003,RUS
5004,CRO
5005,CRO
5006,GER
5007,FRA
5008,ENG
5009,CRO
5010,GER
5011,CRO
5012,BRA
5013,GER
5014,ARG
5015,BRA
5016,ENG
5017,ARG
5018,ENG
5019,SRB
5020,BEL
5021,POR
5022,ARG
5023,GER
5024,ENG
5025,POR
5026,POR
5027,SUI
5028,SUI
5029,ENG
5030,AUS
5031,ARG
5032,CRO
5033,BRA
5034,ARG
5035,RUS
5036,ARG
5037,FRA
5038,BRA
5039,RUS
5040,ARG
5041,FRA
5042,ENG
5043,MEX
5044,ESP
5045,ENG
5046,BRA
5047,BRA
5048,GER
5049,KOR
5050,FRA
5051,ESP
5052,CRC
5053,RUS
5054,ENG
5055,RUS
5056,KOR
5057,POR
5058,BRA
5059,ESP
5060,RUS
5061,BRA
5062,IRN
5063,AUS
5064,ARG
5065,GER
5066,DEN
5067,DEN
5068,COL
5069,POR
5070,GER
5071,GER
5072,POR
5073,RUS
5074,JPN
5075,BEL
5076,ENG
5077,SUI
5078,ESP
5079,BRA
5080,ARG
5081,ENG
5082,SWE
5083,DEN
5084,RUS
5085,ESP
5086,RUS
5087,ARG
5088,CRO
5089,ARG
5090,RUS
5091,RUS
5092,IRN
5093,ESP
5094,BRA
5095,RUS
5096,GER
5097,ARG
5098,RUS
5099,SUI
5100,RUS
5101,POR
5102,RUS
5103,ARG
5104,RUS
5105,RUS
5106,ARG
5107,GER
5108,GER
5109,NGA
5110,CRO
5111,GER
5112,BEL
5113,GER
5114,SUI
5115,GER
5116,FRA
5117,PAN
5118,POR
5119,RUS
5120,SUI
5121,FRA
5122,POR
5123,FRA
5124,FRA
5125,POR
5126,COL
5127,SUI
5128,ESP
5129,SUI
5130,PAN
5131,ESP
5132,CRO
5133,GER
5134,ARG
5135,RUS
5136,POR
5137,BRA
5138,ENG
5139,FRA
5140,RUS
5141,BRA
5142,ESP
5143,SWE
5144,URU
5145,ESP
5146,POR
5147,BEL
5148,MEX
5149,CRO
5150,DEN
5151,POR
5152,ARG
5153,BRA
5154,ARG
5155,CRO
5156,RUS
5157,BRA
5158,GER
5159,GER
5160,BRA
5161,BEL
5162,ENG
5163,BEL
5164,MEX
5165,BRA
5166,POR
5167,COL
5168,ESP
5169,ENG
5170,URU
5171,FRA
5172,FRA
5173,BEL
5174,RUS
5175,ENG
5176,COL
5177,RUS
5178,KSA
5179,GER
5180,GER
5181,FRA
5182,BRA
5183,SUI
5184,MEX
5185,RUS
5186,SWE
5187,BRA
5188,ESP
5189,GER
5190,GER
5191,BRA
5192,GER
5193,BEL
5194,BRA
5195,ESP
5196,BRA
5197,NGA
5198,BRA
5199,POR
5200,RUS
5201,SWE
5202,DEN
5203,FRA
5204,ENG
5205,ARG
5206,KSA
5207,KSA
5208,RUS
5209,COL
5210,ESP
5211,RUS
5212,RUS
5213,ARG
5214,DEN
5215,POR
5216,DEN
5217,FRA
5218,ARG
5219,POR
5220,ARG
5221,RUS
5222,RUS
5223,BRA
5224,ARG
5225,BEL
5226,ESP
5227,ESP
5228,RUS
5229,BRA
5230,RUS
5231,BRA
5232,FRA
5233,ARG
5234,BRA
5235,BRA
5236,BRA
5237,PER
5238,BRA
5239,SEN
5240,GER
5241,DEN
5242,FRA
5243,BRA
5244,ARG
5245,ARG
5246,BRA
5247,RUS
5248,GER
5249,POR
5250,BRA
5251,POR
5252,RUS
5253,ENG
5254,ARG
5255,BRA
5256,POR
5257,SUI
5258,GER
5259,BRA
5260,GER
5261,ARG
5262,ESP
5263,IRN
5264,CRO
5265,ARG
5266,GER
5267,SUI
5268,CRO
5269,DEN
5270,ENG
5271,DEN
5272,ISL
5273,RUS
5274,SUI
5275,BRA
5276,GER
5277,ARG
5278,BRA
5279,ARG
5280,SUI
5281,ESP
5282,BEL
5283,ENG
5284,GER
5285,DEN
5286,ARG
5287,BRA
5288,CRC
5289,TUN
5290,ARG
5291,RUS
5292,POR
5293,POR
5294,POR
5295,BRA
5296,ENG
5297,CRO
5298,POR
5299,RUS
5300,CRO
5301,POR
5302,DEN
5303,DEN
5304,POR
5305,ARG
5306,POR
5307,ARG
5308,FRA
5309,BRA
5310,BRA
5311,NGA
5312,BEL
5313,ENG
5314,CRO
5315,BRA
5316,BRA
5317,ARG
5318,ESP
5319,CRO
5320,KOR
5321,GER
5322,JPN
5323,BEL
5324,BRA
5325,CRO
5326,KOR
5327,ARG
5328,BRA
5329,CRO
5330,SUI
5331,SUI
5332,ESP
5333,GER
5334,CRO
5335,ENG
5336,FRA
5337,BEL
5338,RUS
5339,CRC
5340,POR
5341,BRA
5342,KSA
5343,BEL
5344,ESP
5345,ENG
5346,ARG
5347,BRA
5348,CRO
5349,CRO
5350,RUS
5351,DEN
5352,SUI
5353,BRA
5354,GER
5355,ENG
5356,BEL
5357,ARG
5358,BRA
5359,BEL
5360,ARG
5361,ARG
5362,FRA
5363,ARG
5364,ARG
5365,RUS
5366,GER
5367,POR
5368,BRA
5369,URU
5370,GER
5371,POR
5372,SUI
5373,BRA
5374,GER
5375,MEX
5376,RUS
5377,BRA
5378,GER
5379,RUS
5380,BRA
5381,SUI
5382,SUI
5383,POR
5384,ARG
5385,NGA
5386,CRO
5387,POR
5388,CRO
5389,BRA
5390,MEX
5391,BEL
5392,GER
5393,JPN
5394,SUI
5395,ESP
5396,IRN
5397,CRO
5398,DEN
5399,RUS
5400,SUI
5401,SUI
5402,POR
5403,BRA
5404,POR
5405,GER
5406,ARG
5407,GER
5408,PAN
5409,BRA
5410,POR
5411,FRA
5412,GER
5413,BEL
5414,RUS
5415,DEN
5416,ENG
5417,DEN
5418,RUS
5419,ESP
5420,FRA
5421,COL
5422,BEL
5423,GER
5424,GER
5425,GER
5426,CRO
5427,ESP
5428,JPN
5429,ARG
5430,IRN
5431,GER
5432,MEX
5433,ARG
5434,ESP
5435,CRC
5436,ESP
5437,FRA
5438,DEN
5439,FRA
5440,CRO
5441,FRA
5442,BRA
5443,SUI
5444,FRA
5445,ARG
5446,RUS
5447,ESP
5448,NGA
5449,RUS
5450,BRA
5451,EGY
5452,POR
5453,CRC
5454,ENG
5455,SUI
5456,BRA
5457,BRA
5458,ENG
5459,GER
5460,BEL
5461,SUI
5462,ARG
5463,ENG
5464,BRA
5465,GER
5466,GER
5467,BRA
5468,COL
5469,PAN
5470,AUS
5471,BRA
5472,ENG
5473,ENG
5474,BRA
5475,BEL
5476,FRA
5477,BRA
5478,GER
5479,BRA
5480,SUI
5481,POR
5482,BRA
5483,GER
5484,SWE
5485,ARG
5486,POR
5487,FRA
5488,MEX
5489,ESP
5490,BRA
5491,ENG
5492,ESP
5493,SUI
5494,ESP
5495,BRA
5496,FRA
5497,RUS
5498,URU
5499,CRO
5500,ARG
5501,SUI
5502,GER
5503,BEL
5504,BRA
5505,ARG
5506,POR
5507,BRA
5508,ENG
5509,ENG
5510,ENG
5511,ARG
5512,POR
5513,BRA
5514,BRA
5515,POR
5516,POL
5517,BRA
5518,MEX
5519,ENG
5520,ENG
5521,BEL
5522,ARG
5523,FRA
5524,ENG
5525,RUS
5526,ARG
5527,SWE
5528,SUI
5529,MEX
5530,GER
5531,FRA
5532,SRB
5533,COL
5534,CRO
5535,CRO
5536,POR
5537,BRA
5538,ARG
5539,GER
5540,GER
5541,BRA
5542,POR
5543,FRA
5544,DEN
5545,POR
5546,RUS
5547,ARG
5548,BEL
5549,SWE
5550,BRA
5551,CRO
5552,ENG
5553,RUS
5554,ESP
5555,BEL
5556,BEL
5557,ENG
5558,ARG
5559,FRA
5560,BRA
5561,GER
5562,COL
5563,ARG
5564,ENG
5565,URU
5566,FRA
5567,BRA
5568,ESP
5569,EGY
5570,BRA
5571,POR
5572,BRA
5573,RUS
5574,POR
5575,CRO
5576,ESP
5577,BRA
5578,GER
5579,SUI
5580,SUI
5581,DEN
5582,POR
5583,POR
5584,ARG
5585,GER
5586,KOR
5587,ARG
5588,BRA
5589,ENG
5590,POR
5591,BRA
5592,RUS
5593,GER
5594,SUI
5595,KSA
5596,GER
5597,SUI
5598,BEL
5599,ARG
5600,CRO
5601,DEN
5602,BRA
5603,DEN
5604,SUI
5605,SUI
5606,POR
5607,ARG
5608,POL
5609,COL
5610,ESP
5611,ESP
5612,AUS
5613,POR
5614,ENG
5615,BRA
5616,RUS
5617,BRA
5618,BRA
5619,ENG
5620,ARG
5621,JPN
5622,POR
5623,BEL
5624,BRA
5625,BEL
5626,ENG
5627,COL
5628,ENG
5629,COL
5630,RUS
5631,GER
5632,RUS
5633,URU
5634,RUS
5635,ARG
5636,ENG
5637,POR
5638,FRA
5639,FRA
5640,ENG
5641,ARG
5642,RUS
5643,GER
5644,FRA
5645,JPN
5646,BRA
5647,BRA
5648,GER
5649,RUS
5650,ARG
5651,ENG
5652,ARG
5653,ESP
5654,SUI
5655,SUI
5656,CRO
5657,GER
5658,FRA
5659,RUS
5660,GER
5661,BRA
5662,ENG
5663,SUI
5664,BRA
5665,BRA
5666,ARG
5667,ENG
5668,BRA
5669,FRA
5670,RUS
5671,ENG
5672,POR
5673,ARG
5674,ARG
5675,POR
5676,ENG
5677,POR
5678,URU
5679,ENG
5680,FRA
5681,BRA
5682,MEX
5683,GER
5684,SUI
5685,FRA
5686,BRA
5687,FRA
5688,POL
5689,TUN
5690,ARG
5691,ARG
5692,BRA
5693,RUS
5694,SUI
5695,RUS
5696,FRA
5697,BRA
5698,BRA
5699,KOR
5700,RUS
5701,KSA
5702,ESP
5703,ENG
5704,ARG
5705,ENG
5706,BEL
5707,BRA
5708,GER
5709,CRO
5710,CRO
5711,BRA
5712,ENG
5713,MEX
5714,CRO
5715,BRA
5716,SUI
5717,COL
5718,GER
5719,SUI
5720,FRA
5721,ARG
5722,BRA
5723,SUI
5724,CRC
5725,CRO
5726,GER
5727,CRO
5728,SUI
5729,ESP
5730,DEN
5731,POR
5732,ENG
5733,AUS
5734,POR
5735,BRA
5736,BRA
5737,SRB
5738,ARG
5739,URU
5740,POR
5741,JPN
5742,GER
5743,BRA
5744,FRA
5745,POR
5746,POR
5747,URU
5748,URU
5749,CRO
5750,MEX
5751,SUI
5752,BRA
5753,FRA
5754,SRB
5755,GER
5756,POR
5757,BEL
5758,RUS
5759,BRA
5760,ESP
5761,POR
5762,GER
5763,BEL
5764,ARG
5765,TUN
5766,ARG
5767,BRA
5768,COL
5769,DEN
5770,ENG
5771,MEX
5772,FRA
5773,BRA
5774,COL
5775,RUS
5776,ARG
5777,JPN
5778,GER
5779,GER
5780,ARG
5781,BEL
5782,POR
5783,CRO
5784,ESP
5785,ESP
5786,POR
5787,AUS
5788,BRA
5789,RUS
5790,BRA
5791,BRA
5792,FRA
5793,POL
5794,SUI
5795,KOR
5796,POR
5797,RUS
5798,POR
5799,BEL
5800,RUS
5801,FRA
5802,GER
5803,ARG
5804,CRO
5805,NGA
5806,POR
5807,GER
5808,BRA
5809,KOR
5810,RUS
5811,GER
5812,BRA
5813,RUS
5814,POR
5815,AUS
5816,ESP
5817,ARG
5818,ARG
5819,ENG
5820,BRA
5821,FRA
5822,POR
5823,RUS
5824,POR
5825,BRA
5826,BRA
5827,BRA
5828,RUS
5829,SWE
5830,AUS
5831,AUS
5832,GER
5833,RUS
5834,GER
5835,BRA
5836,ARG
5837,ARG
5838,POR
5839,COL
5840,POR
5841,POR
5842,POR
5843,BRA
5844,URU
5845,RUS
5846,BEL
5847,RUS
5848,IRN
5849,DEN
5850,SUI
5851,RUS
5852,ARG
5853,CRO
5854,ARG
5855,ENG
5856,ARG
5857,ARG
5858,SUI
5859,COL
5860,ARG
5861,ENG
5862,GER
5863,SUI
5864,ESP
5865,CRO
5866,ENG
5867,SUI
5868,SWE
5869,URU
5870,RUS
5871,SUI
5872,POR
5873,RUS
5874,ARG
5875,URU
5876,RUS
5877,AUS
5878,BEL
5879,RUS
5880,POL
5881,FRA
5882,BRA
5883,AUS
5884,FRA
5885,POR
5886,ARG
5887,POR
5888,RUS
5889,ENG
5890,ARG
5891,ARG
5892,SWE
5893,BRA
5894,SRB
5895,BEL
5896,GER
5897,RUS
5898,RUS
5899,ARG
5900,ENG
5901,RUS
5902,SUI
5903,SRB
5904,GER
5905,FRA
5906,CRO
5907,ESP
5908,ARG
5909,CRO
5910,ARG
5911,SUI
5912,SUI
5913,BRA
5914,URU
5915,ESP
5916,SWE
5917,SUI
5918,DEN
5919,ARG
5920,RUS
5921,GER
5922,ENG
5923,ESP
5924,POR
5925,DEN
5926,DEN
5927,ARG
5928,SRB
5929,POR
5930,URU
5931,SUI
5932,GER
5933,POR
5934,ENG
5935,ARG
5936,BRA
5937,POR
5938,ESP
5939,KOR
5940,SUI
5941,ARG
5942,BRA
5943,POR
5944,ENG
5945,FRA
5946,ESP
5947,POR
5948,BRA
5949,ESP
5950,POR
5951,FRA
5952,CRO
5953,GER
5954,ARG
5955,DEN
5956,BEL
5957,BRA
5958,MEX
5959,RUS
5960,POR
5961,BEL
5962,MEX
5963,CRO
5964,SUI
5965,BRA
5966,RUS
5967,POR
5968,POR
5969,GER
5970,IRN
5971,URU
5972,POR
5973,CRO
5974,GER
5975,BRA
5976,ENG
5977,BEL
5978,RUS
5979,ENG
5980,RUS
5981,BEL
5982,ENG
5983,FRA
5984,GER
5985,GER
5986,BRA
5987,FRA
5988,FRA
5989,URU
5990,SRB
5991,BEL
5992,SRB
5993,CRO
5994,BRA
5995,RUS
5996,CRO
5997,BRA
5998,EGY
5999,FRA
6000,ENG
6001,ESP
6002,RUS
6003,ESP
6004,BRA
6005,BRA
6006,ARG
6007,RUS
6008,MAR
6009,BRA
6010,ARG
6011,BRA
6012,BRA
6013,GER
6014,BRA
6015,BRA
6016,GER
6017,POR
6018,BEL
6019,RUS
6020,SRB
6021,SUI
6022,ENG
6023,SRB
6024,ESP
6025,BEL
6026,BRA
6027,ESP
6028,ARG
6029,BRA
6030,SRB
6031,KOR
6032,BEL
6033,BRA
6034,RUS
6035,ENG
6036,ENG
6037,ESP
6038,RUS
6039,ARG
6040,CRO
6041,DEN
6042,RUS
6043,CRO
6044,SRB
6045,SUI
6046,ESP
6047,KSA
6048,MEX
6049,IRN
6050,URU
6051,CRO
6052,RUS
6053,FRA
6054,FRA
6055,ENG
6056,BRA
6057,BRA
6058,POL
6059,ARG
6060,POR
6061,ARG
6062,FRA
6063,ENG
6064,POL
6065,RUS
6066,BRA
6067,ESP
6068,GER
6069,BEL
6070,ARG
6071,RUS
6072,MEX
6073,FRA
6074,ARG
6075,BEL
6076,POR
6077,ENG
6078,URU
6079,ENG
6080,SUI
6081,ARG
6082,ARG
6083,RUS
6084,ESP
6085,CRO
6086,ARG
6087,SUI
6088,ENG
6089,BRA
6090,NGA
6091,BEL
6092,BRA
6093,FRA
6094,ARG
6095,ESP
6096,ESP
6097,GER
6098,SWE
6099,GER
6100,DEN
6101,CRO
6102,BRA
6103,ARG
6104,BEL
6105,RUS
6106,GER
6107,GER
6108,ESP
6109,ESP
6110,GER
6111,ESP
6112,POR
6113,GER
6114,POR
6115,ESP
6116,FRA
6117,AUS
6118,ARG
6119,BRA
6120,BRA
6121,RUS
6122,ENG
6123,MEX
6124,GER
6125,BRA
6126,COL
6127,JPN
6128,CRO
6129,ENG
6130,ESP
6131,TUN
6132,TUN
6133,FRA
6134,ENG
6135,IRN
6136,MEX
6137,SUI
6138,POR
6139,FRA
6140,POR
6141,SUI
6142,ESP
6143,IRN
6144,ENG
6145,IRN
6146,POR
6147,EGY
6148,URU
6149,SRB
6150,BEL
6151,SRB
6152,ENG
6153,ARG
6154,RUS
6155,BEL
6156,POR
6157,BRA
6158,SUI
6159,ENG
6160,BRA
6161,ESP
6162,FRA
6163,DEN
6164,ENG
6165,ENG
6166,BRA
6167,IRN
6168,FRA
6169,FRA
6170,BRA
6171,ISL
6172,ARG
6173,RUS
6174,RUS
6175,POR
6176,POR
6177,BEL
6178,CRO
6179,SUI
6180,BRA
6181,ARG
6182,MAR
6183,ESP
6184,BRA
6185,FRA
6186,POR
6187,BRA
6188,ARG
6189,BRA
6190,FRA
6191,AUS
6192,POL
6193,ENG
6194,SUI
6195,RUS
6196,BRA
6197,ESP
6198,GER
6199,ARG
6200,GER
6201,RUS
6202,FRA
6203,ARG
6204,KOR
6205,ENG
6206,IRN
6207,BRA
6208,GER
6209,SUI
6210,ENG
6211,POR
6212,GER
6213,ARG
6214,BRA
6215,ARG
6216,SRB
6217,ENG
6218,ARG
6219,ARG
6220,BEL
6221,ESP
6222,ARG
6223,POL
6224,BRA
6225,KSA
6226,CRO
6227,CRO
6228,CRO
6229,KOR
6230,BRA
6231,NGA
6232,ARG
6233,DEN
6234,CRO
6235,GER
6236,RUS
6237,BEL
6238,POR
6239,FRA
6240,IRN
6241,BRA
6242,IRN
6243,SUI
6244,URU
6245,URU
6246,ISL
6247,RUS
6248,RUS
6249,SWE
6250,BRA
6251,ARG
6252,BRA
6253,URU
6254,MEX
6255,POR
6256,CRO
6257,SUI
6258,BRA
6259,POL
6260,ENG
6261,ARG
6262,COL
6263,GER
6264,POR
6265,BRA
6266,SUI
6267,COL
6268,BRA
6269,POR
6270,MAR
6271,SWE
6272,RUS
6273,RUS
6274,SWE
6275,BRA
6276,RUS
6277,GER
6278,SUI
6279,BEL
6280,POR
6281,GER
6282,PAN
6283,ESP
6284,ESP
6285,ISL
6286,BRA
6287,GER
6288,FRA
6289,PAN
6290,SUI
6291,ARG
6292,RUS
6293,ISL
6294,BRA
6295,ENG
6296,BRA
6297,BRA
6298,RUS
6299,RUS
6300,ENG
6301,POR
6302,AUS
6303,COL
6304,ARG
6305,AUS
6306,ENG
6307,GER
6308,SUI
6309,ENG
6310,RUS
6311,KOR
6312,DEN
6313,ARG
6314,BRA
6315,GER
6316,ARG
6317,ENG
6318,JPN
6319,COL
6320,ARG
6321,SUI
6322,BEL
6323,ARG
6324,FRA
6325,ENG
6326,ENG
6327,CRO
6328,ENG
6329,ESP
6330,PER
6331,GER
6332,ESP
6333,RUS
6334,POR
6335,SRB
6336,RUS
6337,ENG
6338,BEL
6339,URU
6340,RUS
6341,SUI
6342,KSA
6343,CRO
6344,ENG
6345,BRA
6346,ESP
6347,GER
6348,RUS
6349,RUS
6350,ARG
6351,JPN
6352,RUS
6353,SWE
6354,RUS
6355,ESP
6356,BRA
6357,RUS
6358,CRO
6359,KOR
6360,MAR
6361,BRA
6362,NGA
6363,SUI
6364,GER
6365,SUI
6366,ARG
6367,ENG
6368,RUS
6369,RUS
6370,DEN
6371,RUS
6372,ESP
6373,ARG
6374,ARG
6375,BRA
6376,GER
6377,POR
6378,KOR
6379,BRA
6380,ENG
6381,BRA
6382,CRO
6383,CRO
6384,GER
6385,FRA
6386,ESP
6387,SRB
6388,CRC
6389,ESP
6390,ENG
6391,SRB
6392,KOR
6393,RUS
6394,ESP
6395,FRA
6396,GER
6397,DEN
6398,CRO
6399,KOR
6400,FRA
6401,AUS
6402,URU
6403,FRA
6404,MAR
6405,JPN
6406,BRA
6407,MEX
6408,ARG
6409,POR
6410,ARG
6411,ARG
6412,BRA
6413,CRC
6414,POR
6415,BRA
6416,BRA
6417,ARG
6418,GER
6419,ESP
6420,BRA
6421,CRO
6422,RUS
6423,ESP
6424,ESP
6425,GER
6426,AUS
6427,ENG
6428,POR
6429,ENG
6430,ENG
6431,MEX
6432,ENG
6433,GER
6434,DEN
6435,POR
6436,ENG
6437,BRA
6438,FRA
6439,GER
6440,BEL
6441,ESP
6442,FRA
6443,ENG
6444,GER
6445,POR
6446,BRA
6447,BRA
6448,POL
6449,SWE
6450,GER
6451,GER
6452,CRC
6453,RUS
6454,MEX
6455,TUN
6456,FRA
6457,ENG
6458,FRA
6459,GER
6460,ARG
6461,IRN
6462,COL
6463,URU
6464,POR
6465,ARG
6466,RUS
6467,RUS
6468,FRA
6469,ARG
6470,POL
6471,NGA
6472,BRA
6473,ENG
6474,BRA
6475,SUI
6476,SUI
6477,ENG
6478,MEX
6479,FRA
6480,GER
6481,BRA
6482,BRA
6483,MEX
6484,ARG
6485,BRA
6486,COL
6487,ESP
6488,COL
6489,ARG
6490,FRA
6491,SRB
6492,GER
6493,RUS
6494,ARG
6495,BRA
6496,DEN
6497,BRA
6498,GER
6499,RUS
6500,BRA
6501,ENG
6502,BRA
6503,ARG
6504,BRA
6505,BRA
6506,GER
6507,GER
6508,ENG
6509,AUS
6510,BRA
6511,GER
6512,POR
6513,ARG
6514,ARG
6515,GER
6516,MEX
6517,ESP
6518,BRA
6519,SUI
6520,SRB
6521,DEN
6522,CRO
6523,GER
6524,DEN
6525,POR
6526,CRO
6527,CRO
6528,BRA
6529,RUS
6530,ENG
6531,URU
6532,RUS
6533,BRA
6534,FRA
6535,RUS
6536,ARG
6537,RUS
6538,RUS
6539,RUS
6540,ENG
6541,ARG
6542,ARG
6543,GER
6544,ESP
6545,CRO
6546,JPN
6547,ENG
6548,GER
6549,ENG
6550,JPN
6551,ARG
6552,FRA
6553,BRA
6554,CRO
6555,RUS
6556,RUS
6557,ARG
6558,RUS
6559,SUI
6560,ENG
6561,ARG
6562,ARG
6563,CRO
6564,ENG
6565,ENG
6566,ARG
6567,ARG
6568,ENG
6569,ENG
6570,ESP
6571,ESP
6572,RUS
6573,GER
6574,SUI
6575,FRA
6576,GER
6577,ARG
6578,SUI
6579,GER
6580,POR
6581,JPN
6582,MEX
6583,CRO
6584,RUS
6585,BRA
6586,RUS
6587,GER
6588,RUS
6589,ESP
6590,RUS
6591,BRA
6592,ENG
6593,ARG
6594,BEL
6595,BRA
6596,RUS
6597,KSA
6598,ARG
6599,POR
6600,SRB
6601,CRO
6602,GER
6603,GER
6604,ESP
6605,BRA
6606,ARG
6607,BRA
6608,BEL
6609,GER
6610,BRA
6611,GER
6612,BRA
6613,RUS
6614,RUS
6615,POR
6616,CRO
6617,GER
6618,ESP
6619,SUI
6620,BEL
6621,IRN
6622,BRA
6623,ESP
6624,NGA
6625,RUS
6626,ARG
6627,SUI
6628,RUS
6629,POR
6630,ARG
6631,BRA
6632,POR
6633,GER
6634,KSA
6635,CRO
6636,POR
6637,ARG
6638,AUS
6639,GER
6640,ARG
6641,BRA
6642,FRA
6643,ESP
6644,ARG
6645,RUS
6646,ENG
6647,GER
6648,COL
6649,POR
6650,ARG
6651,ARG
6652,RUS
6653,RUS
6654,RUS
6655,GER
6656,ARG
6657,GER
6658,RUS
6659,RUS
6660,ESP
6661,POL
6662,ESP
6663,BEL
6664,KOR
6665,IRN
6666,ESP
6667,POR
6668,KOR
6669,RUS
6670,ENG
6671,FRA
6672,DEN
6673,SWE
6674,GER
6675,CRC
6676,IRN
6677,COL
6678,RUS
6679,GER
6680,BRA
6681,RUS
6682,AUS
6683,SRB
6684,ARG
6685,BRA
6686,GER
6687,DEN
6688,CRO
6689,ARG
6690,SRB
6691,SUI
6692,BRA
6693,SUI
6694,GER
6695,DEN
6696,ENG
6697,EGY
6698,FRA
6699,KSA
6700,ENG
6701,POL
6702,CRO
6703,BRA
6704,POR
6705,SRB
6706,ARG
6707,URU
6708,BRA
6709,ARG
6710,FRA
6711,ENG
6712,ESP
6713,BRA
6714,BRA
6715,ARG
6716,KOR
6717,BRA
6718,GER
6719,ESP
6720,ARG
6721,MEX
6722,BEL
6723,RUS
6724,POR
6725,BRA
6726,JPN
6727,ESP
6728,KOR
6729,BRA
6730,ARG
6731,RUS
6732,FRA
6733,FRA
6734,COL
6735,FRA
6736,ARG
6737,GER
6738,FRA
6739,ARG
6740,FRA
6741,POR
6742,POR
6743,ARG
6744,BEL
6745,COL
6746,URU
6747,GER
6748,SRB
6749,ENG
6750,BEL
6751,RUS
6752,ENG
6753,POL
6754,ENG
6755,BRA
6756,BRA
6757,POR
6758,GER
6759,COL
6760,ARG
6761,BRA
6762,ARG
6763,GER
6764,GER
6765,SWE
6766,RUS
6767,FRA
6768,ENG
6769,BEL
6770,SRB
6771,GER
6772,POR
6773,ARG
6774,FRA
6775,FRA
6776,GER
6777,RUS
6778,GER
6779,POR
6780,BRA
6781,ENG
6782,JPN
6783,GER
6784,CRO
6785,GER
6786,KOR
6787,BRA
6788,POR
6789,ARG
6790,GER
6791,GER
6792,RUS
6793,KSA
6794,AUS
6795,SUI
6796,COL
6797,MEX
6798,GER
6799,BRA
6800,POL
6801,GER
6802,FRA
6803,ESP
6804,BRA
6805,KOR
6806,RUS
6807,ESP
6808,RUS
6809,FRA
6810,POR
6811,JPN
6812,RUS
6813,ESP
6814,POR
6815,ARG
6816,BEL
6817,ESP
6818,RUS
6819,ENG
6820,SRB
6821,GER
6822,ESP
6823,GER
6824,CRO
6825,KSA
6826,FRA
6827,BRA
6828,ARG
6829,ENG
6830,POL
6831,ESP
6832,POR
6833,GER
6834,GER
6835,SUI
6836,SUI
6837,BRA
6838,BRA
6839,GER
6840,RUS
6841,RUS
6842,MAR
6843,POR
6844,SRB
6845,ARG
6846,GER
6847,ENG
6848,FRA
6849,BRA
6850,ARG
6851,BRA
6852,ESP
6853,ESP
6854,RUS
6855,IRN
6856,SUI
6857,MEX
6858,ESP
6859,FRA
6860,ENG
6861,SUI
6862,RUS
6863,AUS
6864,BRA
6865,BRA
6866,BEL
6867,GER
6868,RUS
6869,FRA
6870,CRC
6871,ARG
6872,POR
6873,BRA
6874,RUS
6875,CRO
6876,ARG
6877,BEL
6878,SUI
6879,ENG
6880,EGY
6881,IRN
6882,FRA
6883,SUI
6884,CRO
6885,JPN
6886,ARG
6887,GER
6888,RUS
6889,POR
6890,GER
6891,BRA
6892,BRA
6893,DEN
6894,BRA
6895,DEN
6896,POR
6897,ENG
6898,ENG
6899,RUS
6900,RUS
6901,ESP
6902,GER
6903,CRO
6904,JPN
6905,GER
6906,RUS
6907,BRA
6908,BRA
6909,GER
6910,ARG
6911,URU
6912,ESP
6913,BRA
6914,ARG
6915,GER
6916,RUS
6917,ESP
6918,JPN
6919,ARG
6920,CRO
6921,COL
6922,RUS
6923,ARG
6924,ENG
6925,BRA
6926,BRA
6927,KSA
6928,TUN
6929,ARG
6930,IRN
6931,ESP
6932,POR
6933,MEX
6934,RUS
6935,FRA
6936,ARG
6937,FRA
6938,GER
6939,RUS
6940,SUI
6941,ARG
6942,POL
6943,DEN
6944,GER
6945,BRA
6946,RUS
6947,DEN
6948,FRA
6949,ARG
6950,ENG
6951,RUS
6952,SUI
6953,GER
6954,GER
6955,SUI
6956,BRA
6957,ENG
6958,URU
6959,GER
6960,BRA
6961,ESP
6962,ENG
6963,RUS
6964,ENG
6965,RUS
6966,RUS
6967,BRA
6968,BEL
6969,POR
6970,FRA
6971,BRA
6972,FRA
6973,FRA
6974,FRA
6975,POL
6976,CRO
6977,KSA
6978,FRA
6979,COL
6980,SUI
6981,ENG
6982,ENG
6983,SEN
6984,DEN
6985,GER
6986,SUI
6987,ARG
6988,CRO
6989,POL
6990,ESP
6991,KSA
6992,GER
6993,CRO
6994,SEN
6995,DEN
6996,RUS
6997,COL
6998,ARG
6999,BRA
7000,BRA
7001,ARG
7002,BRA
7003,ESP
7004,FRA
7005,BRA
7006,RUS
7007,SUI
7008,ARG
7009,POR
7010,ENG
7011,ESP
7012,ARG
7013,ESP
7014,BEL
7015,BRA
7016,ARG
7017,KOR
7018,SWE
7019,RUS
7020,CRO
7021,FRA
7022,CRC
7023,GER
7024,RUS
7025,FRA
7026,POR
7027,ARG
7028,BRA
7029,BEL
7030,GER
7031,POL
7032,POR
7033,CRO
7034,GER
7035,BRA
7036,SRB
7037,ARG
7038,RUS
7039,ENG
7040,RUS
7041,SRB
7042,RUS
7043,RUS
7044,RUS
7045,ARG
7046,GER
7047,GER
7048,BRA
7049,SUI
7050,BRA
7051,SUI
7052,BRA
7053,CRC
7054,GER
7055,RUS
7056,RUS
7057,POR
7058,URU
7059,ENG
7060,BRA
7061,MEX
7062,ARG
7063,FRA
7064,RUS
7065,ARG
7066,FRA
7067,BEL
7068,BRA
7069,ENG
7070,CRO
7071,GER
7072,BRA
7073,BRA
7074,ARG
7075,SEN
7076,ENG
7077,BEL
7078,EGY
7079,SUI
7080,CRO
7081,ARG
7082,IRN
7083,POR
7084,BRA
7085,BRA
7086,BEL
7087,FRA
7088,KOR
7089,BEL
7090,BEL
7091,GER
7092,RUS
7093,BRA
7094,COL
7095,MEX
7096,GER
7097,ARG
7098,POR
7099,ARG
7100,RUS
7101,RUS
7102,GER
7103,RUS
7104,BRA
7105,URU
7106,SRB
7107,BRA
7108,GER
7109,MEX
7110,DEN
7111,SUI
7112,GER
7113,GER
7114,IRN
7115,GER
7116,RUS
7117,MEX
7118,SUI
7119,POR
7120,MEX
7121,RUS
7122,ENG
7123,GER
7124,BRA
7125,GER
7126,ESP
7127,SWE
7128,SUI
7129,POL
7130,ARG
7131,ENG
7132,RUS
7133,GER
7134,ENG
7135,ARG
7136,BRA
7137,GER
7138,GER
7139,GER
7140,ENG
7141,GER
7142,MEX
7143,GER
7144,ARG
7145,ARG
7146,SUI
7147,BEL
7148,BRA
7149,NGA
7150,ESP
7151,BRA
7152,ARG
7153,GER
7154,ARG
7155,ARG
7156,ARG
7157,ARG
7158,ARG
7159,FRA
7160,GER
7161,SUI
7162,FRA
7163,ARG
7164,KOR
7165,CRO
7166,ESP
7167,ARG
7168,MEX
7169,RUS
7170,COL
7171,POR
7172,ENG
7173,BRA
7174,BRA
7175,POR
7176,RUS
7177,SUI
7178,KSA
7179,RUS
7180,RUS
7181,KOR
7182,IRN
7183,BRA
7184,ENG
7185,MEX
7186,ARG
7187,POR
7188,ENG
7189,BRA
7190,ARG
7191,ARG
7192,BRA
7193,RUS
7194,GER
7195,COL
7196,FRA
7197,RUS
7198,CRC
7199,DEN
7200,SUI
7201,KSA
7202,DEN
7203,BEL
7204,KSA
7205,KSA
7206,ENG
7207,POR
7208,CRO
7209,IRN
7210,GER
7211,ARG
7212,ARG
7213,POL
7214,BRA
7215,SUI
7216,COL
7217,ARG
7218,ESP
7219,JPN
7220,ENG
7221,BEL
7222,SRB
7223,GER
7224,ARG
7225,GER
7226,RUS
7227,GER
7228,CRC
7229,BRA
7230,DEN
7231,BEL
7232,ARG
7233,KOR
7234,POR
7235,BEL
7236,BRA
7237,ARG
7238,RUS
7239,CRO
7240,SUI
7241,POR
7242,POR
7243,SWE
7244,COL
7245,FRA
7246,BEL
7247,SUI
7248,SUI
7249,CRO
7250,BEL
7251,POR
7252,POR
7253,GER
7254,SUI
7255,ESP
7256,ENG
7257,SUI
7258,BEL
7259,GER
7260,BEL
7261,SRB
7262,ESP
7263,ENG
7264,ARG
7265,JPN
7266,ARG
7267,GER
7268,RUS
7269,GER
7270,BRA
7271,SWE
7272,BRA
7273,ENG
7274,POR
7275,POR
7276,ENG
7277,RUS
7278,ENG
7279,FRA
7280,POR
7281,GER
7282,ESP
7283,CRO
7284,URU
7285,SUI
7286,FRA
7287,ESP
7288,SUI
7289,ARG
7290,URU
7291,COL
7292,RUS
7293,COL
7294,BRA
7295,EGY
7296,BRA
7297,ENG
7298,ARG
7299,BRA
7300,ESP
7301,MEX
7302,ARG
7303,CRO
7304,ENG
7305,ARG
7306,POR
7307,SUI
7308,SUI
7309,BEL
7310,CRO
7311,BEL
7312,BRA
7313,FRA
7314,MEX
7315,CRO
7316,ENG
7317,ARG
7318,ARG
7319,ARG
7320,GER
7321,ARG
7322,GER
7323,RUS
7324,GER
7325,FRA
7326,BRA
7327,ENG
7328,ESP
7329,ESP
7330,CRO
7331,DEN
7332,COL
7333,ARG
7334,SUI
7335,ARG
7336,ENG
7337,ESP
7338,CRO
7339,RUS
7340,POR
7341,GER
7342,BRA
7343,ARG
7344,ENG
7345,GER
7346,ESP
7347,COL
7348,GER
7349,POR
7350,FRA
7351,FRA
7352,MAR
7353,SUI
7354,CRO
7355,FRA
7356,AUS
7357,GER
7358,ESP
7359,BRA
7360,GER
7361,ESP
7362,POL
7363,ESP
7364,ESP
7365,GER
7366,GER
7367,ENG
7368,SUI
7369,ARG
7370,RUS
7371,BRA
7372,CRO
7373,BRA
7374,RUS
7375,SRB
7376,IRN
7377,POR
7378,BRA
7379,FRA
7380,BRA
7381,POR
7382,IRN
7383,MEX
7384,SUI
7385,KOR
7386,GER
7387,FRA
7388,RUS
7389,DEN
7390,ESP
7391,MEX
7392,ISL
7393,DEN
7394,URU
7395,AUS
7396,POR
7397,ENG
7398,ENG
7399,KOR
7400,JPN
7401,ESP
7402,RUS
7403,BRA
7404,SUI
7405,ARG
7406,CRO
7407,BRA
7408,GER
7409,POL
7410,PAN
7411,ARG
7412,RUS
7413,BRA
7414,GER
7415,BEL
7416,SUI
7417,FRA
7418,ARG
7419,ESP
7420,BRA
7421,BRA
7422,POL
7423,RUS
7424,RUS
7425,URU
7426,POR
7427,ESP
7428,IRN
7429,COL
7430,ESP
7431,ENG
7432,SUI
7433,BRA
7434,POR
7435,RUS
7436,CRO
7437,ARG
7438,CRO
7439,POR
7440,URU
7441,FRA
7442,RUS
7443,GER
7444,ESP
7445,GER
7446,ENG
7447,GER
7448,RUS
7449,NGA
7450,BRA
7451,SEN
7452,ENG
7453,SUI
7454,SUI
7455,BEL
7456,ARG
7457,URU
7458,AUS
7459,BRA
7460,SRB
7461,GER
7462,BRA
7463,RUS
7464,ESP
7465,BRA
7466,BEL
7467,GER
7468,URU
7469,ESP
7470,BRA
7471,SEN
7472,RUS
7473,POR
7474,BRA
7475,POR
7476,ARG
7477,GER
7478,POR
7479,POL
7480,FRA
7481,RUS
7482,RUS
7483,POR
7484,POR
7485,SWE
7486,SRB
7487,ARG
7488,POR
7489,BRA
7490,BRA
7491,ARG
7492,ESP
7493,ARG
7494,BEL
7495,CRO
7496,SRB
7497,GER
7498,SRB
7499,RUS
7500,RUS
7501,COL
7502,ENG
7503,CRO
7504,ENG
7505,BEL
7506,SWE
7507,KOR
7508,EGY
7509,POR
7510,ESP
7511,SUI
7512,IRN
7513,ARG
7514,RUS
7515,BRA
7516,ARG
7517,RUS
7518,FRA
7519,ARG
7520,RUS
7521,KOR
7522,FRA
7523,BRA
7524,ENG
7525,ESP
7526,BEL
7527,RUS
7528,ENG
7529,FRA
7530,BEL
7531,ARG
7532,GER
7533,BEL
7534,GER
7535,DEN
7536,DEN
7537,COL
7538,ESP
7539,GER
7540,BEL
7541,AUS
7542,RUS
7543,CRC
7544,ARG
7545,TUN
7546,BRA
7547,NGA
7548,POR
7549,ESP
7550,BRA
7551,CRO
7552,CRO
7553,FRA
7554,POR
7555,GER
7556,BRA
7557,POR
7558,COL
7559,ENG
7560,GER
7561,FRA
7562,AUS
7563,CRO
7564,FRA
7565,BRA
7566,IRN
7567,MAR
7568,GER
7569,BRA
7570,ENG
7571,POL
7572,GER
7573,ESP
7574,CRO
7575,ESP
7576,COL
7577,KSA
7578,FRA
7579,ARG
7580,FRA
7581,BEL
7582,IRN
7583,PAN
7584,ESP
7585,BRA
7586,ARG
7587,CRO
7588,ENG
7589,DEN
7590,POR
7591,FRA
7592,BRA
7593,ESP
7594,FRA
7595,PAN
7596,POR
7597,BRA
7598,ARG
7599,CRO
7600,GER
7601,POR
7602,ENG
7603,ENG
7604,POR
7605,NGA
7606,GER
7607,BRA
7608,FRA
7609,MEX
7610,ESP
7611,FRA
7612,GER
7613,BEL
7614,CRO
7615,ARG
7616,RUS
7617,ARG
7618,URU
7619,ARG
7620,BRA
7621,SUI
7622,ARG
7623,IRN
7624,RUS
7625,ENG
7626,MEX
7627,JPN
7628,BRA
7629,RUS
7630,BEL
7631,CRO
7632,BRA
7633,FRA
7634,ARG
7635,EGY
7636,POR
7637,ENG
7638,POR
7639,ENG
7640,DEN
7641,BRA
7642,BRA
7643,ESP
7644,BEL
7645,GER
7646,FRA
7647,ESP
7648,RUS
7649,GER
7650,ESP
7651,URU
7652,BRA
7653,AUS
7654,MEX
7655,GER
7656,ARG
7657,FRA
7658,FRA
7659,BRA
7660,CRC
7661,SUI
7662,BRA
7663,BRA
7664,ENG
7665,SUI
7666,ARG
7667,PAN
7668,GER
7669,BRA
7670,SWE
7671,ESP
7672,ENG
7673,RUS
7674,BRA
7675,BRA
7676,CRO
7677,ENG
7678,ENG
7679,BRA
7680,POR
7681,ESP
7682,BRA
7683,GER
7684,MEX
7685,ENG
7686,ESP
7687,SUI
7688,ENG
7689,ARG
7690,ENG
7691,COL
7692,BRA
7693,RUS
7694,SUI
7695,ARG
7696,POR
7697,POL
7698,COL
7699,BRA
7700,SRB
7701,ARG
7702,PER
7703,MAR
7704,IRN
7705,POR
7706,ARG
7707,ARG
7708,GER
7709,BRA
7710,BRA
7711,ARG
7712,RUS
7713,ARG
7714,DEN
7715,POR
7716,ENG
7717,GER
7718,FRA
7719,GER
7720,GER
7721,IRN
7722,RUS
7723,URU
7724,BRA
7725,SRB
7726,GER
7727,POR
7728,SRB
7729,BRA
7730,ENG
7731,GER
7732,GER
7733,KOR
7734,RUS
7735,CRC
7736,ARG
7737,POR
7738,FRA
7739,CRO
7740,BRA
7741,ESP
7742,DEN
7743,EGY
7744,SWE
7745,JPN
7746,CRC
7747,BEL
7748,AUS
7749,MEX
7750,GER
7751,BRA
7752,BRA
7753,CRC
7754,SUI
7755,BRA
7756,ESP
7757,GER
7758,GER
7759,ARG
7760,CRO
7761,ENG
7762,URU
7763,FRA
7764,JPN
7765,ENG
7766,COL
7767,ARG
7768,ARG
7769,GER
7770,BRA
7771,SRB
7772,ARG
7773,ARG
7774,ARG
7775,BRA
7776,KSA
7777,RUS
7778,BEL
7779,ARG
7780,GER
7781,FRA
7782,RUS
7783,DEN
7784,POR
7785,SRB
7786,GER
7787,CRO
7788,POR
7789,AUS
7790,BRA
7791,ARG
7792,ESP
7793,DEN
7794,BRA
7795,BRA
7796,BRA
7797,BRA
7798,EGY
7799,FRA
7800,ESP
7801,GER
7802,BRA
7803,GER
7804,ARG
7805,MEX
7806,FRA
7807,DEN
7808,BRA
7809,ENG
7810,ARG
7811,BRA
7812,RUS
7813,ESP
7814,RUS
7815,FRA
7816,BRA
7817,FRA
7818,BRA
7819,ESP
7820,RUS
7821,SUI
7822,SUI
7823,JPN
7824,SUI
7825,ENG
7826,MEX
7827,ARG
7828,ARG
7829,BRA
7830,SUI
7831,SUI
7832,ARG
7833,MEX
7834,ESP
7835,BRA
7836,RUS
7837,SEN
7838,FRA
7839,POR
7840,FRA
7841,DEN
7842,TUN
7843,CRO
7844,GER
7845,ARG
7846,FRA
7847,ENG
7848,BRA
7849,POL
7850,COL
7851,CRO
7852,ARG
7853,GER
7854,RUS
7855,BRA
7856,ENG
7857,POR
7858,POR
7859,RUS
7860,ESP
7861,SUI
7862,BRA
7863,SUI
7864,GER
7865,BRA
7866,IRN
7867,POR
7868,SWE
7869,POR
7870,BEL
7871,CRO
7872,POR
7873,ENG
7874,ARG
7875,BRA
7876,GER
7877,POR
7878,FRA
7879,BEL
7880,ARG
7881,TUN
7882,GER
7883,PAN
7884,ENG
7885,BRA
7886,BEL
7887,POR
7888,BRA
7889,BRA
7890,BEL
7891,RUS
7892,BRA
7893,ARG
7894,BRA
7895,COL
7896,ENG
7897,GER
7898,IRN
7899,ESP
7900,RUS
7901,BEL
7902,KOR
7903,CRC
7904,BRA
7905,GER
7906,BRA
7907,MEX
7908,ESP
7909,BRA
7910,ESP
7911,RUS
7912,BEL
7913,POR
7914,ESP
7915,ARG
7916,KSA
7917,CRO
7918,BRA
7919,ESP
7920,ARG
7921,RUS
7922,ENG
7923,FRA
7924,RUS
7925,BRA
7926,SUI
7927,POR
7928,DEN
7929,SUI
7930,JPN
7931,BEL
7932,FRA
7933,FRA
7934,ESP
7935,DEN
7936,ARG
7937,RUS
7938,POR
7939,DEN
7940,BEL
7941,BRA
7942,BEL
7943,POR
7944,BRA
7945,ARG
7946,RUS
7947,FRA
7948,ENG
7949,CRO
7950,ESP
7951,FRA
7952,IRN
7953,GER
7954,ESP
7955,POR
7956,POL
7957,BRA
7958,BRA
7959,SUI
7960,GER
7961,ARG
7962,RUS
7963,ESP
7964,GER
7965,DEN
7966,ARG
7967,CRO
7968,ARG
7969,SUI
7970,GER
7971,BRA
7972,SUI
7973,GER
7974,ESP
7975,ESP
7976,POL
7977,FRA
7978,FRA
7979,GER
7980,BRA
7981,RUS
7982,POL
7983,BRA
7984,BEL
7985,GER
7986,ARG
7987,GER
7988,BRA
7989,SRB
7990,GER
7991,BRA
7992,GER
7993,BEL
7994,ARG
7995,KSA
7996,COL
7997,BEL
7998,ARG
7999,COL
8000,SEN
8001,RUS
8002,FRA
8003,ENG
8004,RUS
8005,GER
8006,ENG
8007,ARG
8008,GER
8009,ENG
8010,BRA
8011,GER
8012,ARG
8013,ENG
8014,ARG
8015,FRA
8016,CRC
8017,ARG
8018,SRB
8019,BEL
8020,BRA
8021,BRA
8022,ARG
8023,GER
8024,RUS
8025,POR
8026,BRA
8027,ARG
8028,FRA
8029,ARG
8030,ARG
8031,GER
8032,JPN
8033,CRO
8034,RUS
8035,SUI
8036,RUS
8037,ARG
8038,GER
8039,RUS
8040,POR
8041,RUS
8042,SUI
8043,URU
8044,RUS
8045,GER
8046,RUS
8047,MEX
8048,ESP
8049,FRA
8050,ARG
8051,MEX
8052,GER
8053,FRA
8054,GER
8055,FRA
8056,ESP
8057,GER
8058,BEL
8059,SWE
8060,ARG
8061,RUS
8062,ENG
8063,BRA
8064,SUI
8065,DEN
8066,CRO
8067,POL
8068,BRA
8069,AUS
8070,ARG
8071,ESP
8072,SUI
8073,ARG
8074,EGY
8075,POR
8076,GER
8077,ESP
8078,ARG
8079,ESP
8080,BRA
8081,RUS
8082,ENG
8083,POR
8084,GER
8085,ARG
8086,RUS
8087,JPN
8088,CRO
8089,RUS
8090,MEX
8091,FRA
8092,ENG
8093,SUI
8094,GER
8095,SRB
8096,ARG
8097,ESP
8098,BEL
8099,BRA
8100,POR
8101,COL
8102,ESP
8103,CRO
8104,ENG
8105,CRO
8106,RUS
8107,BRA
8108,URU
8109,NGA
8110,ARG
8111,BRA
8112,IRN
8113,SRB
8114,SUI
8115,ARG
8116,ESP
8117,ENG
8118,SRB
8119,ESP
8120,POR
8121,POR
8122,BRA
8123,BRA
8124,ESP
8125,ENG
8126,KSA
8127,ENG
8128,BEL
8129,POR
8130,PAN
8131,ESP
8132,ARG
8133,SWE
8134,FRA
8135,ENG
8136,ENG
8137,ESP
8138,POR
8139,POR
8140,BRA
8141,GER
8142,KOR
8143,FRA
8144,ENG
8145,ENG
8146,SRB
8147,ARG
8148,POR
8149,BRA
8150,GER
8151,ARG
8152,COL
8153,CRO
8154,POL
8155,ARG
8156,RUS
8157,BRA
8158,DEN
8159,ARG
8160,ARG
8161,ARG
8162,RUS
8163,SWE
8164,RUS
8165,ESP
8166,ENG
8167,ARG
8168,DEN
8169,SUI
8170,DEN
8171,BEL
8172,AUS
8173,MAR
8174,FRA
8175,BRA
8176,BRA
8177,ESP
8178,GER
8179,JPN
8180,GER
8181,CRO
8182,POL
8183,BRA
8184,CRO
8185,KOR
8186,SRB
8187,POR
8188,ARG
8189,BRA
8190,ESP
8191,ARG
8192,COL
8193,POR
8194,POR
8195,FRA
8196,GER
8197,BRA
8198,BRA
8199,BRA
8200,ARG
8201,SRB
8202,ESP
8203,ARG
8204,RUS
8205,FRA
8206,BEL
8207,BRA
8208,GER
8209,ESP
8210,RUS
8211,RUS
8212,BRA
8213,ESP
8214,NGA
8215,ESP
8216,SUI
8217,ESP
8218,ENG
8219,GER
8220,RUS
8221,RUS
8222,ARG
8223,RUS
8224,FRA
8225,ESP
8226,GER
8227,POR
8228,KOR
8229,CRO
8230,FRA
8231,POR
8232,ARG
8233,POR
8234,ENG
8235,GER
8236,FRA
8237,COL
8238,COL
8239,RUS
8240,GER
8241,AUS
8242,SRB
8243,SUI
8244,GER
8245,FRA
8246,BRA
8247,DEN
8248,FRA
8249,RUS
8250,SUI
8251,GER
8252,FRA
8253,DEN
8254,URU
8255,ARG
8256,ARG
8257,CRO
8258,ESP
8259,FRA
8260,CRO
8261,ARG
8262,ENG
8263,ENG
8264,POR
8265,ENG
8266,POL
8267,ARG
8268,BRA
8269,ESP
8270,ESP
8271,ARG
8272,SEN
8273,BEL
8274,GER
8275,GER
8276,POR
8277,GER
8278,FRA
8279,BRA
8280,BEL
8281,RUS
8282,SUI
8283,GER
8284,PER
8285,ARG
8286,POR
8287,BRA
8288,BRA
8289,ENG
8290,MEX
8291,BRA
8292,SWE
8293,ARG
8294,BRA
8295,FRA
8296,RUS
8297,FRA
8298,BRA
8299,COL
8300,FRA
8301,BEL
8302,RUS
8303,BRA
8304,CRO
8305,POR
8306,SUI
8307,BEL
8308,COL
8309,BRA
8310,BEL
8311,CRO
8312,RUS
8313,CRC
8314,EGY
8315,GER
8316,GER
8317,ENG
8318,KOR
8319,IRN
8320,GER
8321,ARG
8322,RUS
8323,POR
8324,ARG
8325,ARG
8326,GER
8327,POR
8328,RUS
8329,ARG
8330,COL
8331,KOR
8332,SUI
8333,POR
8334,ESP
8335,RUS
8336,GER
8337,CRO
8338,RUS
8339,RUS
8340,FRA
8341,FRA
8342,SUI
8343,BEL
8344,JPN
8345,URU
8346,BRA
8347,FRA
8348,ISL
8349,KSA
8350,GER
8351,ARG
8352,ESP
8353,BRA
8354,COL
8355,CRO
8356,SRB
8357,ESP
8358,POR
8359,BRA
8360,GER
8361,POR
8362,RUS
8363,FRA
8364,ESP
8365,JPN
8366,DEN
8367,KOR
8368,CRO
8369,RUS
8370,BRA
8371,GER
8372,GER
8373,ENG
8374,COL
8375,POR
8376,URU
8377,AUS
8378,BRA
8379,ESP
8380,ENG
8381,COL
8382,POR
8383,ARG
8384,SUI
8385,RUS
8386,POR
8387,RUS
8388,CRO
8389,POR
8390,FRA
8391,RUS
8392,RUS
8393,BRA
8394,FRA
8395,POR
8396,SUI
8397,EGY
8398,URU
8399,SRB
8400,KOR
8401,BEL
8402,BRA
8403,FRA
8404,RUS
8405,BRA
8406,BEL
8407,POR
8408,GER
8409,ARG
8410,ARG
8411,CRC
8412,ENG
8413,ESP
8414,MEX
8415,SUI
8416,CRO
8417,POR
8418,ENG
8419,BRA
8420,ARG
8421,FRA
8422,POR
8423,FRA
8424,GER
8425,DEN
8426,GER
8427,BEL
8428,BRA
8429,RUS
8430,FRA
8431,DEN
8432,RUS
8433,RUS
8434,ENG
8435,ENG
8436,COL
8437,CRO
8438,BRA
8439,ARG
8440,COL
8441,GER
8442,BRA
8443,ARG
8444,ESP
8445,POR
8446,SRB
8447,ESP
8448,ESP
8449,JPN
8450,BRA
8451,FRA
8452,SWE
8453,RUS
8454,ENG
8455,BEL
8456,ESP
8457,BRA
8458,POR
8459,BEL
8460,ARG
8461,BRA
8462,CRO
8463,FRA
8464,SWE
8465,GER
8466,BRA
8467,ARG
8468,COL
8469,SUI
8470,RUS
8471,ESP
8472,ISL
8473,GER
8474,FRA
8475,BRA
8476,GER
8477,ARG
8478,RUS
8479,RUS
8480,RUS
8481,GER
8482,URU
8483,GER
8484,JPN
8485,IRN
8486,RUS
8487,SWE
8488,ESP
8489,BEL
8490,BEL
8491,ESP
8492,BEL
8493,ARG
8494,RUS
8495,ARG
8496,POR
8497,POR
8498,GER
8499,ARG
8500,URU
8501,CRO
8502,POR
8503,BEL
8504,GER
8505,MEX
8506,FRA
8507,POR
8508,ESP
8509,ESP
8510,POL
8511,POR
8512,RUS
8513,COL
8514,RUS
8515,FRA
8516,POR
8517,BRA
8518,ENG
8519,RUS
8520,GER
8521,SUI
8522,GER
8523,MEX
8524,ENG
8525,SEN
8526,BRA
8527,POR
8528,CRO
8529,KOR
8530,POR
8531,DEN
8532,GER
8533,CRC
8534,BEL
8535,BRA
8536,KOR
8537,GER
8538,BRA
8539,ENG
8540,ARG
8541,DEN
8542,SUI
8543,POR
8544,ENG
8545,TUN
8546,BRA
8547,FRA
8548,SWE
8549,FRA
8550,MEX
8551,ENG
8552,POR
8553,FRA
8554,BRA
8555,FRA
8556,POL
8557,RUS
8558,POR
8559,ARG
8560,RUS
8561,RUS
8562,POR
8563,GER
8564,BEL
8565,BRA
8566,ENG
8567,BRA
8568,GER
8569,BRA
8570,FRA
8571,GER
8572,ENG
8573,GER
8574,BRA
8575,GER
8576,GER
8577,MEX
8578,SRB
8579,ENG
8580,ESP
8581,POR
8582,GER
8583,ARG
8584,ARG
8585,RUS
8586,FRA
8587,RUS
8588,ENG
8589,DEN
8590,KSA
8591,ARG
8592,FRA
8593,SUI
8594,BEL
8595,BRA
8596,COL
8597,POR
8598,ESP
8599,RUS
8600,ARG
8601,POL
8602,IRN
8603,FRA
8604,IRN
8605,GER
8606,GER
8607,ENG
8608,DEN
8609,ESP
8610,BRA
8611,ESP
8612,POR
8613,ARG
8614,BEL
8615,URU
8616,GER
8617,DEN
8618,RUS
8619,RUS
8620,RUS
8621,RUS
8622,ESP
8623,SUI
8624,ARG
8625,RUS
8626,POR
8627,AUS
8628,KSA
8629,ESP
8630,ARG
8631,RUS
8632,BRA
8633,ARG
8634,ARG
8635,BRA
8636,GER
8637,ENG
8638,SRB
8639,GER
8640,CRO
8641,SUI
8642,GER
8643,URU
8644,RUS
8645,IRN
8646,KOR
8647,SUI
8648,POR
8649,FRA
8650,SUI
8651,SWE
8652,BRA
8653,RUS
8654,ARG
8655,DEN
8656,RUS
8657,SUI
8658,BEL
8659,SUI
8660,ARG
8661,ARG
8662,KOR
8663,SUI
8664,BEL
8665,SRB
8666,GER
8667,SUI
8668,BRA
8669,ARG
8670,ENG
8671,ARG
8672,GER
8673,GER
8674,NGA
8675,CRO
8676,ENG
8677,ENG
8678,CRO
8679,COL
8680,SUI
8681,BRA
8682,BRA
8683,POR
8684,GER
8685,BRA
8686,RUS
8687,POL
8688,ESP
8689,BRA
8690,ESP
8691,FRA
8692,SUI
8693,ESP
8694,ESP
8695,BRA
8696,ARG
8697,POR
8698,ARG
8699,GER
8700,RUS
8701,GER
8702,RUS
8703,ARG
8704,POR
8705,CRO
8706,FRA
8707,CRC
8708,ARG
8709,FRA
8710,POL
8711,POR
8712,POR
8713,SEN
8714,ENG
8715,ENG
8716,GER
8717,ENG
8718,COL
8719,MEX
8720,POR
8721,BEL
8722,ARG
8723,RUS
8724,BEL
8725,GER
8726,GER
8727,FRA
8728,SUI
8729,BRA
8730,RUS
8731,BRA
8732,GER
8733,BRA
8734,ESP
8735,ESP
8736,RUS
8737,CRO
8738,GER
8739,POR
8740,RUS
8741,GER
8742,BRA
8743,ARG
8744,SUI
8745,FRA
8746,RUS
8747,ESP
8748,MEX
8749,BRA
8750,RUS
8751,BRA
8752,SUI
8753,BRA
8754,AUS
8755,GER
8756,POR
8757,ENG
8758,ENG
8759,FRA
8760,POR
8761,ENG
8762,ENG
8763,FRA
8764,RUS
8765,BRA
8766,ENG
8767,GER
8768,TUN
8769,ESP
8770,ENG
8771,ARG
8772,RUS
8773,ARG
8774,COL
8775,GER
8776,GER
8777,RUS
8778,MEX
8779,BEL
8780,ARG
8781,ENG
8782,POR
8783,ESP
8784,RUS
8785,COL
8786,BRA
8787,GER
8788,ESP
8789,FRA
8790,GER
8791,POR
8792,DEN
8793,SUI
8794,CRO
8795,ENG
8796,FRA
8797,BRA
8798,ARG
8799,IRN
8800,POL
8801,SRB
8802,IRN
8803,BEL
8804,ARG
8805,RUS
8806,FRA
8807,GER
8808,RUS
8809,BRA
8810,SWE
8811,FRA
8812,ESP
8813,FRA
8814,RUS
8815,ESP
8816,BRA
8817,SUI
8818,BRA
8819,BRA
8820,JPN
8821,GER
8822,FRA
8823,FRA
8824,BRA
8825,BRA
8826,SUI
8827,SRB
8828,IRN
8829,GER
8830,GER
8831,SWE
8832,RUS
8833,MEX
8834,ENG
8835,RUS
8836,CRO
8837,POR
8838,CRO
8839,ENG
8840,RUS
8841,ESP
8842,COL
8843,ESP
8844,BRA
8845,SUI
8846,ARG
8847,DEN
8848,KSA
8849,ARG
8850,ESP
8851,POR
8852,RUS
8853,ARG
8854,ARG
8855,BRA
8856,BEL
8857,DEN
8858,RUS
8859,ARG
8860,POL
8861,FRA
8862,SRB
8863,ARG
8864,CRO
8865,CRO
8866,SUI
8867,GER
8868,BRA
8869,FRA
8870,SUI
8871,POR
8872,RUS
8873,ARG
8874,BEL
8875,BRA
8876,ARG
8877,GER
8878,GER
8879,ESP
8880,RUS
8881,COL
8882,BRA
8883,BRA
8884,FRA
8885,BRA
8886,SRB
8887,ESP
8888,FRA
8889,POL
8890,FRA
8891,CRO
8892,ENG
8893,BRA
8894,BRA
8895,BRA
8896,SUI
8897,GER
8898,BRA
8899,BRA
8900,BRA
8901,POR
8902,POL
8903,GER
8904,BRA
8905,POR
8906,SUI
8907,GER
8908,RUS
8909,FRA
8910,ARG
8911,BRA
8912,POR
8913,CRO
8914,SUI
8915,GER
8916,BEL
8917,CRO
8918,CRO
8919,SUI
8920,BRA
8921,ESP
8922,URU
8923,ENG
8924,RUS
8925,KSA
8926,BRA
8927,GER
8928,GER
8929,COL
8930,NGA
8931,FRA
8932,POR
8933,POR
8934,RUS
8935,RUS
8936,FRA
8937,BRA
8938,ESP
8939,POR
8940,AUS
8941,DEN
8942,ESP
8943,BEL
8944,CRO
8945,DEN
8946,GER
8947,SUI
8948,SUI
8949,ESP
8950,GER
8951,RUS
8952,KSA
8953,ENG
8954,ARG
8955,MEX
8956,POL
8957,ENG
8958,ESP
8959,COL
8960,SUI
8961,GER
8962,BRA
8963,ENG
8964,ENG
8965,COL
8966,POR
8967,SRB
8968,POR
8969,ARG
8970,ENG
8971,FRA
8972,SUI
8973,ARG
8974,RUS
8975,ENG
8976,RUS
8977,BRA
8978,ESP
8979,POR
8980,RUS
8981,URU
8982,ARG
8983,DEN
8984,BRA
8985,ARG
8986,ARG
8987,BRA
8988,BRA
8989,RUS
8990,DEN
8991,BRA
8992,FRA
8993,POR
8994,MEX
8995,ENG
8996,SUI
8997,CRO
8998,RUS
8999,RUS
9000,BEL
9001,BRA
9002,RUS
9003,SUI
9004,SUI
9005,SRB
9006,ARG
9007,PAN
9008,ARG
9009,RUS
9010,ESP
9011,BRA
9012,CRO
9013,BEL
9014,KSA
9015,SUI
9016,ARG
9017,BRA
9018,FRA
9019,KOR
9020,BRA
9021,COL
9022,CRO
9023,POR
9024,ESP
9025,SUI
9026,BRA
9027,ARG
9028,CRO
9029,CRO
9030,BEL
9031,ARG
9032,BRA
9033,BRA
9034,GER
9035,ESP
9036,RUS
9037,ESP
9038,RUS
9039,DEN
9040,BRA
9041,ARG
9042,URU
9043,ESP
9044,DEN
9045,FRA
9046,BEL
9047,SRB
9048,ARG
9049,SUI
9050,SRB
9051,SUI
9052,RUS
9053,POR
9054,CRC
9055,ARG
9056,NGA
9057,BRA
9058,BEL
9059,RUS
9060,ENG
9061,CRO
9062,FRA
9063,ARG
9064,GER
9065,POL
9066,AUS
9067,SUI
9068,GER
9069,GER
9070,SRB
9071,GER
9072,ESP
9073,ARG
9074,ESP
9075,CRC
9076,AUS
9077,ESP
9078,POL
9079,RUS
9080,SUI
9081,SUI
9082,SWE
9083,RUS
9084,BRA
9085,ARG
9086,BRA
9087,ESP
9088,ESP
9089,SUI
9090,DEN
9091,ENG
9092,BRA
9093,ENG
9094,POR
9095,ESP
9096,RUS
9097,BRA
9098,ENG
9099,ENG
9100,RUS
9101,COL
9102,RUS
9103,BRA
9104,POR
9105,BEL
9106,FRA
9107,BRA
9108,JPN
9109,RUS
9110,GER
9111,ARG
9112,SUI
9113,BRA
9114,ARG
9115,RUS
9116,ESP
9117,POR
9118,ARG
9119,CRO
9120,GER
9121,FRA
9122,ESP
9123,SUI
9124,ARG
9125,ESP
9126,CRO
9127,ENG
9128,ENG
9129,NGA
9130,KSA
9131,SWE
9132,GER
9133,ENG
9134,SEN
9135,GER
9136,URU
9137,BRA
9138,GER
9139,ARG
9140,ARG
9141,BRA
9142,FRA
9143,RUS
9144,POL
9145,BRA
9146,FRA
9147,KSA
9148,FRA
9149,ESP
9150,ENG
9151,POR
9152,RUS
9153,RUS
9154,POL
9155,JPN
9156,SUI
9157,BRA
9158,BRA
9159,POR
9160,KOR
9161,ARG
9162,ENG
9163,ESP
9164,FRA
9165,GER
9166,ENG
9167,ENG
9168,AUS
9169,RUS
9170,ESP
9171,BRA
9172,RUS
9173,POR
9174,BEL
9175,ARG
9176,SRB
9177,RUS
9178,DEN
9179,ESP
9180,ARG
9181,ARG
9182,BRA
9183,CRO
9184,FRA
9185,SUI
9186,KSA
9187,JPN
9188,POR
9189,ARG
9190,RUS
9191,ESP
9192,DEN
9193,BRA
9194,AUS
9195,GER
9196,BRA
9197,RUS
9198,ARG
9199,BRA
9200,RUS
9201,SWE
9202,ARG
9203,BRA
9204,ARG
9205,SRB
9206,RUS
9207,FRA
9208,ARG
9209,POR
9210,RUS
9211,MEX
9212,COL
9213,BRA
9214,ESP
9215,ARG
9216,ESP
9217,MEX
9218,BRA
9219,ESP
9220,RUS
9221,DEN
9222,BRA
9223,BEL
9224,DEN
9225,SEN
9226,POR
9227,POR
9228,POL
9229,FRA
9230,RUS
9231,URU
9232,BRA
9233,FRA
9234,SUI
9235,BEL
9236,GER
9237,BEL
9238,AUS
9239,SEN
9240,POL
9241,ESP
9242,SUI
9243,FRA
9244,ENG
9245,BRA
9246,ARG
9247,JPN
9248,ESP
9249,POR
9250,RUS
9251,COL
9252,BRA
9253,POR
9254,ENG
9255,RUS
9256,SWE
9257,BRA
9258,AUS
9259,BRA
9260,GER
9261,RUS
9262,MEX
9263,ESP
9264,ENG
9265,BRA
9266,DEN
9267,SRB
9268,BRA
9269,ESP
9270,BRA
9271,ENG
9272,ESP
9273,JPN
9274,COL
9275,SUI
9276,ARG
9277,FRA
9278,ARG
9279,ENG
9280,ENG
9281,BRA
9282,GER
9283,GER
9284,POL
9285,RUS
9286,SUI
9287,POR
9288,FRA
9289,RUS
9290,KSA
9291,ARG
9292,MEX
9293,NGA
9294,AUS
9295,DEN
9296,POR
9297,RUS
9298,GER
9299,SUI
9300,BRA
9301,GER
9302,RUS
9303,GER
9304,KOR
9305,GER
9306,BEL
9307,SUI
9308,RUS
9309,ENG
9310,GER
9311,ESP
9312,ARG
9313,ARG
9314,SUI
9315,ESP
9316,ESP
9317,KOR
9318,DEN
9319,BEL
9320,ARG
9321,POR
9322,BRA
9323,BEL
9324,ENG
9325,DEN
9326,ARG
9327,ARG
9328,BRA
9329,POR
9330,BRA
9331,ARG
9332,ARG
9333,SUI
9334,POR
9335,POR
9336,RUS
9337,CRC
9338,SWE
9339,SRB
9340,GER
9341,BRA
9342,CRO
9343,KSA
9344,ENG
9345,ARG
9346,ESP
9347,GER
9348,ENG
9349,ARG
9350,ESP
9351,SUI
9352,POR
9353,FRA
9354,GER
9355,GER
9356,ARG
9357,ARG
9358,GER
9359,ARG
9360,BRA
9361,ENG
9362,ENG
9363,BRA
9364,GER
9365,ESP
9366,BEL
9367,ENG
9368,FRA
9369,CRO
9370,GER
9371,GER
9372,CRO
9373,KOR
9374,SUI
9375,ARG
9376,BRA
9377,BRA
9378,BEL
9379,BRA
9380,MEX
9381,ARG
9382,FRA
9383,RUS
9384,RUS
9385,KOR
9386,GER
9387,BEL
9388,ENG
9389,CRO
9390,GER
9391,ENG
9392,PAN
9393,GER
9394,ARG
9395,ARG
9396,ESP
9397,RUS
9398,BRA
9399,RUS
9400,COL
9401,BRA
9402,GER
9403,SUI
9404,ENG
9405,ARG
9406,CRO
9407,FRA
9408,FRA
9409,ARG
9410,POR
9411,SUI
9412,BRA
9413,FRA
9414,SUI
9415,ARG
9416,SUI
9417,FRA
9418,FRA
9419,BEL
9420,SUI
9421,POR
9422,ARG
9423,BRA
9424,KSA
9425,ENG
9426,URU
9427,GER
9428,FRA
9429,GER
9430,FRA
9431,SWE
9432,ENG
9433,ENG
9434,ARG
9435,POR
9436,CRC
9437,ENG
9438,RUS
9439,ARG
9440,URU
9441,GER
9442,CRO
9443,GER
9444,URU
9445,RUS
9446,POL
9447,RUS
9448,RUS
9449,KOR
9450,GER
9451,BRA
9452,FRA
9453,RUS
9454,RUS
9455,BRA
9456,ARG
9457,ENG
9458,FRA
9459,ESP
9460,MEX
9461,URU
9462,BRA
9463,GER
9464,URU
9465,GER
9466,TUN
9467,BRA
9468,DEN
9469,CRO
9470,RUS
9471,FRA
9472,BRA
9473,RUS
9474,ARG
9475,SUI
9476,CRC
9477,POR
9478,BEL
9479,SRB
9480,GER
9481,ARG
9482,TUN
9483,FRA
9484,CRO
9485,ENG
9486,BRA
9487,BRA
9488,ARG
9489,POR
9490,COL
9491,FRA
9492,GER
9493,ENG
9494,BEL
9495,ARG
9496,SUI
9497,CRO
9498,GER
9499,SWE
9500,DEN
9501,DEN
9502,FRA
9503,BRA
9504,ARG
9505,ENG
9506,ARG
9507,ARG
9508,ESP
9509,COL
9510,ARG
9511,GER
9512,GER
9513,POR
9514,ESP
9515,ENG
9516,CRO
9517,GER
9518,ESP
9519,NGA
9520,CRO
9521,POR
9522,FRA
9523,ARG
9524,POR
9525,JPN
9526,BEL
9527,SRB
9528,ARG
9529,ARG
9530,MEX
9531,ARG
9532,URU
9533,ARG
9534,ESP
9535,POR
9536,SUI
9537,ESP
9538,ESP
9539,BRA
9540,RUS
9541,POR
9542,URU
9543,JPN
9544,ENG
9545,SUI
9546,ENG
9547,AUS
9548,BEL
9549,RUS
9550,RUS
9551,BRA
9552,POR
9553,FRA
9554,BRA
9555,URU
9556,POR
9557,AUS
9558,SUI
9559,FRA
9560,BRA
9561,BRA
9562,BRA
9563,BRA
9564,ARG
9565,ENG
9566,ENG
9567,ARG
9568,BRA
9569,BRA
9570,CRO
9571,URU
9572,ARG
9573,ESP
9574,RUS
9575,POR
9576,GER
9577,ARG
9578,ENG
9579,BRA
9580,URU
9581,POR
9582,GER
9583,MEX
9584,POR
9585,GER
9586,FRA
9587,FRA
9588,GER
9589,BRA
9590,ESP
9591,RUS
9592,POR
9593,FRA
9594,FRA
9595,ARG
9596,ARG
9597,GER
9598,ARG
9599,ARG
9600,RUS
9601,COL
9602,BRA
9603,BEL
9604,FRA
9605,RUS
9606,JPN
9607,BRA
9608,ARG
9609,ESP
9610,ESP
9611,SUI
9612,BEL
9613,POR
9614,BRA
9615,ENG
9616,GER
9617,BRA
9618,ARG
9619,POL
9620,ENG
9621,GER
9622,FRA
9623,ENG
9624,RUS
9625,ENG
9626,ESP
9627,GER
9628,SUI
9629,FRA
9630,GER
9631,ARG
9632,ARG
9633,RUS
9634,AUS
9635,RUS
9636,KSA
9637,AUS
9638,GER
9639,URU
9640,ENG
9641,BRA
9642,SUI
9643,ARG
9644,SUI
9645,ENG
9646,RUS
9647,ENG
9648,GER
9649,ESP
9650,BRA
9651,ENG
9652,BRA
9653,CRO
9654,ARG
9655,ARG
9656,CRO
9657,ESP
9658,ESP
9659,GER
9660,GER
9661,FRA
9662,ARG
9663,GER
9664,POL
9665,POR
9666,FRA
9667,URU
9668,POL
9669,GER
9670,BRA
9671,POR
9672,MEX
9673,BRA
9674,ENG
9675,IRN
9676,SRB
9677,GER
9678,SUI
9679,FRA
9680,AUS
9681,MEX
9682,SUI
9683,MEX
9684,GER
9685,BRA
9686,POR
9687,GER
9688,ENG
9689,ESP
9690,BEL
9691,SUI
9692,ESP
9693,RUS
9694,SUI
9695,RUS
9696,SRB
9697,ESP
9698,BEL
9699,ENG
9700,SRB
9701,GER
9702,BRA
9703,ENG
9704,IRN
9705,ENG
9706,EGY
9707,ENG
9708,SUI
9709,GER
9710,RUS
9711,CRO
9712,FRA
9713,ARG
9714,COL
9715,RUS
9716,ARG
9717,RUS
9718,ARG
9719,ARG
9720,POR
9721,FRA
9722,RUS
9723,CRO
9724,COL
9725,MEX
9726,COL
9727,BRA
9728,CRO
9729,BRA
9730,SRB
9731,BEL
9732,BRA
9733,GER
9734,JPN
9735,BEL
9736,RUS
9737,POR
9738,BRA
9739,BRA
9740,BEL
9741,FRA
9742,POR
9743,ARG
9744,DEN
9745,FRA
9746,FRA
9747,ESP
9748,SUI
9749,SUI
9750,SRB
9751,DEN
9752,MEX
9753,AUS
9754,RUS
9755,ENG
9756,POR
9757,ENG
9758,RUS
9759,SUI
9760,SUI
9761,RUS
9762,COL
9763,ENG
9764,ESP
9765,COL
9766,ENG
9767,GER
9768,RUS
9769,ARG
9770,RUS
9771,MEX
9772,SUI
9773,COL
9774,FRA
9775,ENG
9776,GER
9777,SWE
9778,URU
9779,POR
9780,ENG
9781,ESP
9782,NGA
9783,GER
9784,FRA
9785,COL
9786,ESP
9787,RUS
9788,CRO
9789,ESP
9790,GER
9791,GER
9792,RUS
9793,BRA
9794,BRA
9795,RUS
9796,ENG
9797,ESP
9798,SWE
9799,COL
9800,SUI
9801,TUN
9802,GER
9803,CRC
9804,RUS
9805,ARG
9806,SUI
9807,ENG
9808,ESP
9809,URU
9810,JPN
9811,FRA
9812,URU
9813,CRO
9814,BRA
9815,POR
9816,POR
9817,CRC
9818,GER
9819,ENG
9820,FRA
9821,CRO
9822,BRA
9823,BRA
9824,FRA
9825,ISL
9826,AUS
9827,FRA
9828,ARG
9829,DEN
9830,POL
9831,BEL
9832,SRB
9833,POR
9834,FRA
9835,ARG
9836,ARG
9837,SUI
9838,POR
9839,ARG
9840,GER
9841,BRA
9842,ESP
9843,RUS
9844,SRB
9845,FRA
9846,DEN
9847,ARG
9848,SRB
9849,ENG
9850,POR
9851,GER
9852,BRA
9853,CRO
9854,BRA
9855,POR
9856,CRO
9857,ENG
9858,BRA
9859,RUS
9860,SRB
9861,GER
9862,FRA
9863,ARG
9864,AUS
9865,DEN
9866,BRA
9867,ESP
9868,BEL
9869,CRO
9870,CRO
9871,ENG
9872,GER
9873,POR
9874,ARG
9875,GER
9876,ENG
9877,SRB
9878,CRO
9879,POL
9880,FRA
9881,SRB
9882,MEX
9883,GER
9884,POR
9885,DEN
9886,SUI
9887,BRA
9888,GER
9889,RUS
9890,KOR
9891,FRA
9892,ARG
9893,FRA
9894,SRB
9895,GER
9896,COL
9897,KSA
9898,COL
9899,DEN
9900,ARG
9901,CRO
9902,NGA
9903,BEL
9904,FRA
9905,GER
9906,RUS
9907,GER
9908,ARG
9909,MEX
9910,ENG
9911,ENG
9912,POR
9913,FRA
9914,CRO
9915,ARG
9916,BRA
9917,SUI
9918,URU
9919,ISL
9920,RUS
9921,MEX
9922,CRO
9923,BEL
9924,FRA
9925,FRA
9926,ARG
9927,ARG
9928,URU
9929,ESP
9930,TUN
9931,RUS
9932,AUS
9933,DEN
9934,ARG
9935,BRA
9936,BRA
9937,DEN
9938,ARG
9939,GER
9940,SUI
9941,RUS
9942,GER
9943,BRA
9944,ESP
9945,ESP
9946,ARG
9947,GER
9948,ENG
9949,SRB
9950,GER
9951,BRA
9952,ENG
9953,ARG
9954,KOR
9955,RUS
9956,BRA
9957,ARG
9958,POL
9959,ARG
9960,GER
9961,POL
9962,RUS
9963,POR
9964,NGA
9965,ESP
9966,SUI
9967,FRA
9968,GER
9969,JPN
9970,GER
9971,ESP
9972,KOR
9973,BEL
9974,FRA
9975,GER
9976,GER
9977,ARG
9978,BRA
9979,SRB
9980,POR
9981,ESP
9982,POR
9983,BEL
9984,ARG
9985,FRA
9986,SUI
9987,SUI
9988,CRO
9989,DEN
9990,FRA
9991,SUI
9992,CRO
9993,SRB
9994,ARG
9995,GER
9996,ESP
9997,CRO
9998,SWE
9999,BRA
10000,BRA
